cBC,Edge,s,stderr.s,len.s,TP1-1-T1,TP1-1-T2,TP1-1-T3,TP1-1-T4,T1_log10freq_clipped,T2_log10freq_clipped,T3_log10freq_clipped,T4_log10freq_clipped
AAAACATTATCAAAG_0,AAAACATTATCAAAG,,,0,3,5,9,18,-4.4056934748409216,-4.5083303690911585,-4.222343563335464,-4.252116451432478
AAAACATTATCAAAG_1,AAAACATTATCAAAG,-0.03593624024623765,0.008243535824793133,3,89,134,114,166,-2.933424722915672,-3.0801955750623695,-3.119681221438316,-3.2872808684957286
AAAACATTATCAAAG_2,AAAACATTATCAAAG,-0.02753232962192111,0.00486306384517271,3,50,83,70,120,-3.1838447252245654,-3.288222281051103,-3.331488032760532,-3.428207710488159
AAAACATTATCAAAG_3,AAAACATTATCAAAG,-0.05995341248217272,0.016943886039484254,3,54,108,47,49,-3.150420969737616,-3.1738766179402274,-3.5044882148390712,-3.8171928765072702
AAAACATTATCAAAG_4,AAAACATTATCAAAG,-0.038642162319452174,0.0037414450475531397,3,3090,5004,3683,5314,-1.3928562501357498,-1.5079830724057948,-1.6103843539198759,-1.7819674064615252
AAAACATTATCAAAG_5,AAAACATTATCAAAG,-0.01401682601831565,0.03145792690590109,3,20,25,46,72,-3.5817847338966033,-3.8093603647551393,-3.513828241093215,-3.6500564601045156
AAAACATTATCAAAG_6,AAAACATTATCAAAG,-0.015042547973874103,0.002121505253664802,3,55,112,101,192,-3.1424520400663405,-3.1580823507569953,-3.172264698992146,-3.2240877278322344
AAAAGAAAAATGTAT_0,AAAAGAAAAATGTAT,-0.007063359740471165,0.0032769892418732577,3,331,687,651,1468,-2.3629867357848657,-2.3703436363676267,-2.363005084206597,-2.3406629009557323
AAAAGAAAAATGTAT_1,AAAAGAAAAATGTAT,-0.01618167949803952,0.006919917827630845,3,91,202,187,307,-2.9237733372394907,-2.9019490039805533,-2.9047444662382897,-3.0202505810585976
AAAAGAAAAATGTAT_2,AAAAGAAAAATGTAT,-0.01080592499964367,0.008708406673225394,3,139,243,247,551,-2.739799929306489,-2.821694099828865,-2.783889119515123,-2.7662373576839987
AAAAGAAAAATGTAT_3,AAAAGAAAAATGTAT,-0.015452142333663847,0.01162025255989387,3,145,239,196,500,-2.7214467273256093,-2.8289024724790393,-2.884330001418313,-2.808418952199765
AAAAGAAAAATGTAT_4,AAAAGAAAAATGTAT,-0.002325003488087085,0.00280105487685686,3,80,196,196,409,-2.979724742568641,-2.915044302070701,-2.884330001418313,-2.895665648528442
AAAAGAAAAATGTAT_5,AAAAGAAAAATGTAT,-0.01598031613229279,0.006818867548195898,3,236,410,373,801,-2.509902726590478,-2.5945165167074418,-2.6048772409661014,-2.603756440451546
AAAAGAAAAATGTAT_6,AAAAGAAAAATGTAT,-0.010894676821827778,0.007126756804592194,3,43,78,77,170,-3.249346273980998,-3.315205770736697,-3.290095347602307,-3.27694003515751
AAAAGCGACATTTCT_1,AAAAGCGACATTTCT,-0.03418943960544856,0.024934618683033816,3,58,93,115,114,-3.1193867359976473,-3.238817424873242,-3.115888232421177,-3.4504841051993114
AAAAGCGACATTTCT_2,AAAAGCGACATTTCT,0.02233797794898213,0.027069476407269803,3,14,37,28,150,-3.7366866938823464,-3.6390986493601822,-3.72942804143257,-3.3312976974801027
AAAAGCGACATTTCT_3,AAAAGCGACATTTCT,-0.012935034523324332,0.004000730850511039,3,64,123,115,238,-3.076634755576697,-3.117395261987779,-3.115888232421177,-3.130811999479272
AAAAGCGACATTTCT_4,AAAAGCGACATTTCT,-0.024401268960781014,0.00282063693917287,3,55,103,76,145,-3.1424520400663405,-3.1944631487220048,-3.2957724804939974,-3.346020954300809
AAAAGCGACATTTCT_5,AAAAGCGACATTTCT,-0.012975074568178785,0.007625782109940994,3,35,65,54,130,-3.338746685210309,-3.3943870167843215,-3.44419231295182,-3.393445604228947
AATGATACCATTTTT_0,AATGATACCATTTTT,-0.006951150994446143,0.003869016014437588,3,60,143,121,267,-3.1046634791769407,-3.0519643359621154,-3.093800702458339,-3.0808776951712087
AATGATACCATTTTT_1,AATGATACCATTTTT,-0.019076320449444725,0.012505915509546762,3,43,82,53,133,-3.249346273980998,-3.2934865210434605,-3.4523102031739996,-3.3835373155686983
AATGATACCATTTTT_2,AATGATACCATTTTT,-0.017683522525459884,0.015451541457066585,3,40,108,96,129,-3.280754738232622,-3.1738766179402274,-3.1943148397352203,-3.396799246236535
AATGATACCATTTTT_3,AATGATACCATTTTT,-0.015226492731822304,0.014029172584207258,3,53,140,86,184,-3.1585388599597954,-3.061172337748939,-3.2420876215312213,-3.2425711335262473
AATGATACCATTTTT_4,AATGATACCATTTTT,-0.023271217238258275,0.007426329668303691,3,110,176,158,300,-2.8414220444023592,-2.9617877056130273,-2.977928985820366,-3.0302677018161215
AATGATACCATTTTT_5,AATGATACCATTTTT,-0.03293629127113562,0.008841418190634526,3,49,90,75,100,-3.1926186495320708,-3.253057863987852,-3.3015248093830887,-3.5073889565357836
AATGATACCATTTTT_6,AATGATACCATTTTT,-0.03534923995407194,0.010752542519609793,3,59,77,64,112,-3.1119627179184404,-3.3208096482546954,-3.3704060987909017,-3.458170933865602
ACAACCTACCTGCTA_0,ACAACCTACCTGCTA,,,0,4,7,1,18,-4.280754738232622,-4.36220233341292,-5.176586072774789,-4.252116451432478
ACAACCTACCTGCTA_1,ACAACCTACCTGCTA,-0.01269652141514742,0.008521989938726821,3,110,210,227,412,-2.8414220444023592,-2.8850810786932577,-2.8205602155816663,-2.892491740502649
ACAACCTACCTGCTA_2,ACAACCTACCTGCTA,0.004318051878993447,0.017372977001173427,3,25,82,56,156,-3.4848747208885467,-3.2934865210434605,-3.4283980457685885,-3.3142643581813225
ACAACCTACCTGCTA_3,ACAACCTACCTGCTA,0.004026001690041,0.0017547632000173875,3,194,505,505,1200,-2.5950129996303586,-2.504008995308516,-2.4732946946561274,-2.428207710488159
ACAACCTACCTGCTA_4,ACAACCTACCTGCTA,-0.00013048818193459537,0.004210979912465918,3,341,872,783,1862,-2.3500603505680866,-2.2667838884946097,-2.2828243107168453,-2.23740927989046
ACAACCTACCTGCTA_5,ACAACCTACCTGCTA,-0.008109031017977894,0.006589515736232009,3,104,252,197,447,-2.865781390261804,-2.805899832645633,-2.882119846613196,-2.8570814334038475
ACAACCTACCTGCTA_6,ACAACCTACCTGCTA,-0.0186755574308209,0.016510147805422176,3,69,101,122,216,-3.043965638823329,-3.2029789996445346,-3.090226242100041,-3.172935205384853
ACAAGTTTTACAGTT_0,ACAAGTTTTACAGTT,-0.0248143267039531,0.009016282380518943,3,154,232,199,401,-2.6952940087241215,-2.8418123885362774,-2.8777329963650824,-2.9042445839156015
ACAAGTTTTACAGTT_1,ACAAGTTTTACAGTT,-0.034994681612148665,0.006504202742345836,3,86,171,112,165,-2.9483162783170167,-2.974304263035023,-3.1273680501046073,-3.2899050123218774
ACAAGTTTTACAGTT_2,ACAAGTTTTACAGTT,-0.0313274548724709,0.006862247169884104,3,127,200,138,272,-2.7790110086046274,-2.906270377763196,-3.0367069863735523,-3.072820052501585
ACAAGTTTTACAGTT_3,ACAAGTTTTACAGTT,-0.04740184521248159,0.01234910320492789,3,121,232,148,160,-2.8000293592441343,-2.8418123885362774,-3.0063243573798313,-3.303268973879859
ACAAGTTTTACAGTT_4,ACAAGTTTTACAGTT,-0.04039634668976095,0.007615728149601814,3,57,107,72,93,-3.126939873888093,-3.1779165957419675,-3.3192535763435203,-3.538906007981849
ACAAGTTTTACAGTT_5,ACAAGTTTTACAGTT,-0.028839686727030463,0.011502642995050091,3,143,196,159,330,-2.7274786920955227,-2.915044302070701,-2.9751889484543375,-2.9888750166578966
ACAAGTTTTACAGTT_6,ACAAGTTTTACAGTT,-0.017426120988996204,0.011815140321694166,3,28,57,37,91,-3.435656698218365,-3.4514255177546858,-3.608384348707794,-3.54834756421469
ACAGGGCAGCTCCCG_0,ACAGGGCAGCTCCCG,,,0,5,6,2,1,-4.183844725224565,-4.429149123043533,-4.875556077110808,-5.507388956535784
ACAGGGCAGCTCCCG_1,ACAGGGCAGCTCCCG,-0.044402617418182834,0.011774169848549334,3,47,95,58,68,-3.210716871624867,-3.229576768138329,-3.4131580792118514,-3.6748800438295475
ACAGGGCAGCTCCCG_2,ACAGGGCAGCTCCCG,-0.06139189827542009,0.003231326379990823,2,22,30,6,18,-3.540392048738378,-3.7301791187075146,-4.398434822391145,-4.252116451432478
ACAGGGCAGCTCCCG_3,ACAGGGCAGCTCCCG,-0.05993551539002018,0.004796605819335966,3,76,97,49,69,-3.0020011372797932,-3.220528639160932,-3.4863899927462754,-3.6685398657985284
ACAGGGCAGCTCCCG_4,ACAGGGCAGCTCCCG,-0.042907994597820485,0.007747944932100246,3,304,403,263,460,-2.3999411459518307,-2.6019953272860676,-2.756630324285031,-2.8446311248542098
ACAGGGCAGCTCCCG_5,ACAGGGCAGCTCCCG,-0.03830105065576845,0.012328574370181013,3,179,231,151,311,-2.6299616985806913,-2.8436883935350328,-2.9976091254816195,-3.014628567508946
ACAGGGCAGCTCCCG_6,ACAGGGCAGCTCCCG,-0.02903634413127012,0.02292588542142652,3,17,40,17,39,-3.6523658081823105,-3.6052403820992147,-3.946137151396515,-3.9163243495092845
ACAGTTGACGGACAG_0,ACAGTTGACGGACAG,0.0038242477382233703,0.0031008430504586067,3,398,984,1093,2447,-2.2829316574868965,-2.2143052749958354,-2.137965910825086,-2.1187549871839946
ACAGTTGACGGACAG_1,ACAGTTGACGGACAG,-0.0028816516480435787,0.006403755498594741,3,503,1009,1025,2529,-2.181246744504657,-2.2034092071902665,-2.165862207383016,-2.104440127191379
ACAGTTGACGGACAG_2,ACAGTTGACGGACAG,0.0037500494952098884,0.0008329689534256856,3,431,1092,1107,2644,-2.2483374593998526,-2.1690777350584587,-2.132438451896066,-2.0851275057221814
ACAGTTGACGGACAG_3,ACAGTTGACGGACAG,-0.00046276447711604004,0.006747607002548325,3,480,975,1057,2595,-2.201573492184997,-2.21829575772864,-2.1525110854673626,-2.0932515943513073
ACAGTTGACGGACAG_4,ACAGTTGACGGACAG,0.0005675155444505734,0.004893292181788333,3,757,1626,1716,4221,-2.003718850060512,-1.9961798321691278,-1.9420687892621022,-1.8819736043813757
ACAGTTGACGGACAG_5,ACAGTTGACGGACAG,0.0004750374826586913,0.0002407127621787629,3,628,1510,1517,3492,-2.084855085823388,-2.0283234261340075,-1.9956004919880583,-1.9643147215022518
ACAGTTGACGGACAG_6,ACAGTTGACGGACAG,0.008957616689644676,0.0023026252519274264,3,384,1069,1140,2754,-2.2984835051930537,-2.178322668218399,-2.119681221438316,-2.067425020614879
ACCACCGGTCCTGCC_0,ACCACCGGTCCTGCC,0.005708244451235529,0.003954619923699148,3,435,1024,1179,2830,-2.244325472605947,-2.197000416787365,-2.1050722676796996,-2.0556025210114934
ACCACCGGTCCTGCC_1,ACCACCGGTCCTGCC,-0.004361351563123213,0.008201655317660634,3,147,406,328,707,-2.715497394812408,-2.598774339849983,-2.66071222906311,-2.6579695427388845
ACCACCGGTCCTGCC_2,ACCACCGGTCCTGCC,-0.009704312956258955,0.0029842717630347627,3,72,168,151,295,-3.025482233129316,-2.9819910917013144,-2.9976091254816195,-3.0375669405576207
ACCACCGGTCCTGCC_3,ACCACCGGTCCTGCC,0.019643733644516968,0.02565262624207937,3,17,71,46,168,-3.6523658081823105,-3.3560420247081018,-3.513828241093215,-3.282079674809921
ACCACCGGTCCTGCC_4,ACCACCGGTCCTGCC,0.0012952401862309133,0.007158862256407193,3,103,274,302,587,-2.869977504855412,-2.7695498106067893,-2.6965791298176383,-2.738750855288169
ACCACCGGTCCTGCC_5,ACCACCGGTCCTGCC,-0.00830620990332819,0.01164333933329797,3,55,107,84,235,-3.1424520400663405,-3.1779165957419675,-3.252306786712907,-3.1363210942640474
ACCACCGGTCCTGCC_6,ACCACCGGTCCTGCC,0.008648311224693834,0.008364531187386837,3,142,454,426,1009,-2.730526385177528,-2.550244520570073,-2.54717647367207,-2.5034977902988733
AGAACATCATCTACA_0,AGAACATCATCTACA,-0.0504701031175664,0.0,1,10,3,3,12,-3.8828147295605846,-4.730179118707515,-4.699464818055127,-4.428207710488159
AGAACATCATCTACA_1,AGAACATCATCTACA,-0.07092734698355342,0.0025152631564306365,2,21,24,8,14,-3.560595434826665,-3.827089131715571,-4.2734960857828455,-4.3612609208575455
AGAACATCATCTACA_2,AGAACATCATCTACA,,,0,8,6,10,7,-3.979724742568641,-4.429149123043533,-4.176586072774789,-4.662290916521527
AGAACATCATCTACA_3,AGAACATCATCTACA,-0.034162245530457214,0.0,1,9,15,2,17,-3.9285722201212594,-4.031209114371496,-4.875556077110808,-4.2769400351575095
AGAACATCATCTACA_4,AGAACATCATCTACA,-0.06054556317767156,0.001527774564245675,2,14,18,10,9,-3.7366866938823464,-3.952027868323871,-4.176586072774789,-4.553146447096459
AGAACATCATCTACA_5,AGAACATCATCTACA,,,0,7,3,8,12,-4.037716689546327,-4.730179118707515,-4.2734960857828455,-4.428207710488159
AGAACATCATCTACA_6,AGAACATCATCTACA,,,0,2,0,0,0,-4.581784733896603,-6.0,-6.0,-6.0
AGAAGACGACGATGA_0,AGAAGACGACGATGA,-0.03491707195349563,0.010661199458982373,3,65,106,95,125,-3.069901372917729,-3.181994508162407,-3.198862467485941,-3.4104789435277274
AGAAGACGACGATGA_1,AGAAGACGACGATGA,-0.020094211244780814,0.014969526315266312,3,13,18,16,39,-3.7688713772537477,-3.952027868323871,-3.972466090118864,-3.9163243495092845
AGAAGACGACGATGA_2,AGAAGACGACGATGA,-0.02681264186884219,0.01103335878528942,3,84,138,90,206,-2.9585354434987026,-3.0674212870259407,-3.222343563335464,-3.1935217361666304
AGAAGACGACGATGA_3,AGAAGACGACGATGA,-0.026560327796174024,0.0017278267220364758,3,138,263,193,341,-2.7429356431593477,-2.787344624937419,-2.891028763767015,-2.974634577543286
AGAAGACGACGATGA_4,AGAAGACGACGATGA,-0.04110198974975996,0.006830330056711666,3,77,145,90,123,-2.9963240043881028,-3.045932371192202,-3.222343563335464,-3.417483845096386
AGAAGACGACGATGA_5,AGAAGACGACGATGA,-0.03091464496074977,0.0005020321451594282,3,190,332,243,412,-2.6040611286077553,-2.6861622897231405,-2.7909797991764767,-2.892491740502649
AGAAGACGACGATGA_6,AGAAGACGACGATGA,-0.03685088512218322,0.00460800723840123,3,286,427,303,519,-2.4264486964315415,-2.576872498402153,-2.695143444272484,-2.792221598687326
AGATTCATCCCATGG_0,AGATTCATCCCATGG,,,0,0,0,1,0,-6.0,-6.0,-5.176586072774789,-6.0
AGATTCATCCCATGG_1,AGATTCATCCCATGG,,,0,4,2,0,4,-4.280754738232622,-4.906270377763196,-6.0,-4.905328965207821
AGATTCATCCCATGG_2,AGATTCATCCCATGG,-0.0862913940337479,0.01749443470835199,3,119,92,59,49,-2.8072677681680536,-3.2435125460816217,-3.4057340611326445,-3.8171928765072702
AGATTCATCCCATGG_3,AGATTCATCCCATGG,,,0,1,0,0,0,-4.882814729560584,-6.0,-6.0,-6.0
AGATTCATCCCATGG_4,AGATTCATCCCATGG,,,0,2,0,0,0,-4.581784733896603,-6.0,-6.0,-6.0
AGATTCATCCCATGG_5,AGATTCATCCCATGG,,,0,4,1,1,5,-4.280754738232622,-5.207300373427177,-5.176586072774789,-4.808418952199765
AGATTCATCCCATGG_6,AGATTCATCCCATGG,,,0,1,0,0,0,-4.882814729560584,-6.0,-6.0,-6.0
AGTGTATGATAATAT_0,AGTGTATGATAATAT,0.005992882367485451,0.006523553505793593,3,130,385,399,853,-2.7688713772537477,-2.621839643918676,-2.575613177088041,-2.576439925368261
AGTGTATGATAATAT_1,AGTGTATGATAATAT,-0.011789764500295924,0.008421287151710817,3,119,238,258,458,-2.8072677681680536,-2.830723416370665,-2.7649663668115587,-2.846523478531915
AGTGTATGATAATAT_2,AGTGTATGATAATAT,-0.011837816827465087,0.0014257911718809973,3,676,1482,1268,2598,-2.0528680336189487,-2.0364521697838676,-2.073466819229075,-2.0927498097987747
AGTGTATGATAATAT_3,AGTGTATGATAATAT,-0.004860845453040441,0.011003897497093773,3,229,442,547,1085,-2.522979247220696,-2.5618781040780854,-2.4385987464413583,-2.4719592183512358
AGTGTATGATAATAT_4,AGTGTATGATAATAT,-0.010889280604564287,0.007732518709409805,3,109,204,218,431,-2.845388231619961,-2.8976702060012784,-2.838129579170184,-2.872911686375052
AGTGTATGATAATAT_5,AGTGTATGATAATAT,0.0014651640886198742,0.00359990896332571,3,309,754,823,1770,-2.3928562501357495,-2.329929027557403,-2.261186237562519,-2.2594156901739773
AGTGTATGATAATAT_6,AGTGTATGATAATAT,-0.00020034219073032945,0.002934413454701934,3,98,252,247,534,-2.8915886538680895,-2.805899832645633,-2.783889119515123,-2.7798476995072274
AGTGTTAATCAGACC_1,AGTGTTAATCAGACC,-0.08953648794031865,0.003519881890750422,2,30,31,12,8,-3.405693474840922,-3.7159386795929046,-4.097404826727164,-4.60429896954384
AGTGTTAATCAGACC_2,AGTGTTAATCAGACC,-0.08349306839759868,0.0005004708757659894,2,27,28,9,12,-3.4514509654015972,-3.760142342084958,-4.222343563335464,-4.428207710488159
AGTGTTAATCAGACC_3,AGTGTTAATCAGACC,,,0,5,0,0,0,-4.183844725224565,-6.0,-6.0,-6.0
AGTGTTAATCAGACC_4,AGTGTTAATCAGACC,-0.008824807549376921,0.004659754138367196,3,266,540,479,1119,-2.4579330929295176,-2.4749066136042086,-2.4962505593602256,-2.4585588700074337
AGTGTTAATCAGACC_5,AGTGTTAATCAGACC,-0.02344869594120268,0.03263775367612555,2,10,12,15,0,-3.8828147295605846,-4.128119127379552,-4.000494813719108,-6.0
AGTGTTAATCAGACC_6,AGTGTTAATCAGACC,,,0,3,0,0,0,-4.4056934748409216,-6.0,-6.0,-6.0
ATAATTTTCATCCAC_1,ATAATTTTCATCCAC,,,0,0,0,1,0,-6.0,-6.0,-5.176586072774789,-6.0
ATAGAGCGGCGTTGA_1,ATAGAGCGGCGTTGA,-0.004849987363882364,0.0014309710764807847,3,215,491,453,1019,-2.550376269644979,-2.5162188813042086,-2.520487870761957,-2.4992147725293576
ATAGAGCGGCGTTGA_2,ATAGAGCGGCGTTGA,,,0,1,2,2,0,-4.882814729560584,-4.906270377763196,-4.875556077110808,-6.0
ATAGAGCGGCGTTGA_3,ATAGAGCGGCGTTGA,-0.022659579282651752,0.017547796667844274,3,18,51,39,50,-3.627542224457278,-3.4997301973292405,-3.5855214657482897,-3.808418952199765
ATAGAGCGGCGTTGA_4,ATAGAGCGGCGTTGA,-0.05776182740816375,0.004910626226861622,3,97,122,65,94,-2.8960429952943394,-3.120940542752429,-3.363672716131933,-3.5342611029360853
ATAGAGCGGCGTTGA_5,ATAGAGCGGCGTTGA,-0.03968710007485144,0.011055635272190771,3,18,30,25,30,-3.627542224457278,-3.7301791187075146,-3.7786460641027513,-4.030267701816121
ATAGTCGATTAAGAT_1,ATAGTCGATTAAGAT,,,0,1,0,0,0,-4.882814729560584,-6.0,-6.0,-6.0
ATATTGAGTAAGTAC_1,ATATTGAGTAAGTAC,-0.06600506761601847,0.020858311306459692,3,37,69,38,28,-3.314613005493589,-3.3684512826899216,-3.5968024761579787,-4.060230925193565
ATATTGAGTAAGTAC_2,ATATTGAGTAAGTAC,-0.09524840273013936,0.0,1,14,13,3,6,-3.7366866938823464,-4.09335702112034,-4.699464818055127,-4.72923770615214
ATATTGAGTAAGTAC_3,ATATTGAGTAAGTAC,,,0,0,0,2,0,-6.0,-6.0,-4.875556077110808,-6.0
ATATTGAGTAAGTAC_4,ATATTGAGTAAGTAC,-0.09896016902578958,0.0,1,19,17,8,5,-3.6040611286077553,-3.976851452048903,-4.2734960857828455,-4.808418952199765
ATCGTTGGCATTTGG_1,ATCGTTGGCATTTGG,,,0,3,3,1,0,-4.4056934748409216,-4.730179118707515,-5.176586072774789,-6.0
ATCGTTGGCATTTGG_2,ATCGTTGGCATTTGG,,,0,1,0,0,0,-4.882814729560584,-6.0,-6.0,-6.0
ATCGTTGGCATTTGG_3,ATCGTTGGCATTTGG,-0.24123064150736265,0.0,1,102,22,2,0,-2.8742145577986666,-3.864877692604971,-4.875556077110808,-6.0
ATCGTTGGCATTTGG_4,ATCGTTGGCATTTGG,,,0,0,0,0,1,-6.0,-6.0,-6.0,-5.507388956535784
ATGAAGTTCATAATG_1,ATGAAGTTCATAATG,-0.009467988710806476,0.004792958563557106,3,364,747,761,1502,-2.3217133459115282,-2.3339797716117783,-2.295201416004216,-2.3307190238676343
ATGAAGTTCATAATG_2,ATGAAGTTCATAATG,-0.00391061738539075,0.02251860355211749,3,16,22,32,78,-3.6786947469046596,-3.864877692604971,-3.671436094454883,-3.6152943538453033
ATGAAGTTCATAATG_3,ATGAAGTTCATAATG,-0.011874370833138779,0.0031908664953745444,3,354,795,651,1359,-2.3338114675347965,-2.3069332447707067,-2.363005084206597,-2.3741694998032896
ATGGCGATGGTCTTG_0,ATGGCGATGGTCTTG,0.005678785029668639,0.014944004794789773,3,14,46,34,91,-3.7366866938823464,-3.544542541745603,-3.645107155732534,-3.54834756421469
ATGGCGATGGTCTTG_1,ATGGCGATGGTCTTG,-0.0040133396033043296,0.003596078062251447,3,50,124,120,243,-3.1838447252245654,-3.113878688264942,-3.097404826727164,-3.1217826829374715
ATGGCGATGGTCTTG_2,ATGGCGATGGTCTTG,-0.014585368798770947,0.003419343292795813,3,703,1350,1184,2488,-2.0358594045407603,-2.076966604932171,-2.103234370387888,-2.111538580517003
ATGGCGATGGTCTTG_3,ATGGCGATGGTCTTG,-0.009127094866996213,0.002660003242977543,3,314,733,660,1309,-2.3858850814873693,-2.342196398786049,-2.35704213723292,-2.390449309985028
ATGGCGATGGTCTTG_4,ATGGCGATGGTCTTG,-0.012451307712693621,0.006286734660331963,3,238,440,392,898,-2.5062377725040723,-2.56384769694099,-2.5833000057543316,-2.5541126198684796
ATGGCGATGGTCTTG_5,ATGGCGATGGTCTTG,0.0012892536688227766,0.0042180663043846385,3,351,915,834,2000,-2.3375076130947603,-2.2458792793607287,-2.2554200221370504,-2.206358960871803
ATGGCGATGGTCTTG_6,ATGGCGATGGTCTTG,-0.02243809452536279,0.01332077505328693,3,108,223,130,302,-2.8493909740736347,-2.8589955103790166,-3.0626427204679523,-3.027382013578633
ATTAATACTTTGCAG_1,ATTAATACTTTGCAG,,,0,1,0,0,0,-4.882814729560584,-6.0,-6.0,-6.0
ATTAATACTTTGCAG_2,ATTAATACTTTGCAG,,,0,2,0,0,0,-4.581784733896603,-6.0,-6.0,-6.0
ATTATCAAGTGCCAG_0,ATTATCAAGTGCCAG,-0.01265609286764046,0.011832615810324049,3,28,54,63,105,-3.435656698218365,-3.4749066136042086,-3.377245523321207,-3.486199657465846
ATTATCAAGTGCCAG_1,ATTATCAAGTGCCAG,0.009003798455237274,0.008352697191706372,3,11,27,36,79,-3.8414220444023592,-3.77593660926819,-3.6202835720075015,-3.6097618652453423
ATTATCAAGTGCCAG_2,ATTATCAAGTGCCAG,-0.02252483090983258,0.00754300308565399,3,237,414,396,661,-2.5080663835504806,-2.590300032306278,-2.5788908868492766,-2.6871874970501435
ATTATCAAGTGCCAG_3,ATTATCAAGTGCCAG,-0.01764662895962019,0.009769747608751964,3,35,59,47,113,-3.338746685210309,-3.436448361785033,-3.5044882148390712,-3.454310513052364
ATTATCAAGTGCCAG_4,ATTATCAAGTGCCAG,-0.012508272965378256,0.012717594080139007,3,30,87,65,113,-3.405693474840922,-3.2677811208085585,-3.363672716131933,-3.454310513052364
ATTATCAAGTGCCAG_5,ATTATCAAGTGCCAG,-0.02045457511492128,0.011028085181557965,3,31,49,51,92,-3.3914530357263115,-3.5171042933986634,-3.4690158966768525,-3.5436011291902285
ATTATCAAGTGCCAG_6,ATTATCAAGTGCCAG,-0.008306209903328162,0.01632121571127497,3,33,107,73,141,-3.364300789682697,-3.1779165957419675,-3.313263212654333,-3.358169843880404
ATTATCATCGCCATC_1,ATTATCATCGCCATC,,,0,2,1,2,0,-4.581784733896603,-5.207300373427177,-4.875556077110808,-6.0
CAAGGATCCCCGTAG_0,CAAGGATCCCCGTAG,-0.06689400918542389,0.03384892766073425,3,19,11,11,14,-3.6040611286077553,-4.165907688268952,-4.135193387616564,-4.3612609208575455
CAAGGATCCCCGTAG_1,CAAGGATCCCCGTAG,-0.0663040232821105,0.029219056588016868,3,20,37,26,15,-3.5817847338966033,-3.6390986493601822,-3.761612724803971,-4.331297697480102
CAAGGATCCCCGTAG_2,CAAGGATCCCCGTAG,-0.03274386530161092,0.02339019691119953,3,38,40,47,78,-3.303031132943774,-3.6052403820992147,-3.5044882148390712,-3.6152943538453033
CAAGGATCCCCGTAG_3,CAAGGATCCCCGTAG,-0.01864470751345616,0.005142042947381054,3,15,27,25,47,-3.7067234705049033,-3.77593660926819,-3.7786460641027513,-3.8352910986000666
CAAGGATCCCCGTAG_4,CAAGGATCCCCGTAG,-0.03925278339850696,0.00683743508543146,3,122,227,131,206,-2.796454898885836,-2.8512745162340543,-3.0593147771190248,-3.1935217361666304
CAAGGATCCCCGTAG_5,CAAGGATCCCCGTAG,-0.030273599563153526,0.019635016058676718,3,19,49,39,42,-3.6040611286077553,-3.5171042933986634,-3.5855214657482897,-3.8841396661378833
CAAGGATCCCCGTAG_6,CAAGGATCCCCGTAG,-0.01895644436579884,0.005051752817040945,3,48,86,79,149,-3.201573492184997,-3.2728019221836093,-3.2789589814843474,-3.33420268812351
CAAGTTCGGCGAAAT_1,CAAGTTCGGCGAAAT,-0.08505588000583428,0.01018467123138308,2,32,38,14,4,-3.3776647512406783,-3.627516776810367,-4.030458037096551,-4.905328965207821
CAAGTTCGGCGAAAT_2,CAAGTTCGGCGAAAT,-0.13246631577760906,0.0,1,50,32,8,2,-3.1838447252245654,-3.702150395107271,-4.2734960857828455,-5.206358960871802
CAATCTTGAATTGAT_0,CAATCTTGAATTGAT,-0.05671462086705109,0.00799561511889874,3,26,42,20,26,-3.4678413815897664,-3.5840510830292764,-3.8755560771108075,-4.0924156085649654
CAATCTTGAATTGAT_1,CAATCTTGAATTGAT,-0.050346112974960784,0.018886792488221147,3,38,56,50,46,-3.303031132943774,-3.4591123464209765,-3.47761606843877,-3.8446311248542098
CAATCTTGAATTGAT_2,CAATCTTGAATTGAT,-0.05114615137827888,0.01887395152853823,3,11,21,15,13,-3.8414220444023592,-3.8850810786932577,-4.000494813719108,-4.393445604228947
CAATCTTGAATTGAT_3,CAATCTTGAATTGAT,-0.06269643243185616,0.007070088893858277,2,19,27,13,5,-3.6040611286077553,-3.77593660926819,-4.062642720467952,-4.808418952199765
CAATCTTGAATTGAT_4,CAATCTTGAATTGAT,-0.07670199161868851,0.009172819737718038,3,51,70,27,28,-3.175244553462648,-3.3622023334129203,-3.7452223086158014,-4.060230925193565
CAATCTTGAATTGAT_5,CAATCTTGAATTGAT,-0.062377922093564325,0.03125639185305178,3,32,20,19,27,-3.3776647512406783,-3.906270377763196,-3.89783247182196,-4.076025192376797
CAATCTTGAATTGAT_6,CAATCTTGAATTGAT,-0.061165667287868535,0.005249727465981522,3,16,23,11,14,-3.6786947469046596,-3.845572537409584,-4.135193387616564,-4.3612609208575455
CAATTTCAACGTTGT_1,CAATTTCAACGTTGT,,,0,5,3,0,1,-4.183844725224565,-4.730179118707515,-6.0,-5.507388956535784
CAATTTCAACGTTGT_2,CAATTTCAACGTTGT,-0.07713186907237897,0.008391665931874511,3,262,245,112,142,-2.464513438240839,-2.8181342890626446,-3.1273680501046073,-3.3551006121527274
CAATTTCAACGTTGT_3,CAATTTCAACGTTGT,,,0,0,0,1,0,-6.0,-6.0,-5.176586072774789,-6.0
CATATGCATTCCTTG_1,CATATGCATTCCTTG,,,0,1,0,0,0,-4.882814729560584,-6.0,-6.0,-6.0
CATCAATGAGGCAGT_0,CATCAATGAGGCAGT,,,0,1,0,0,0,-4.882814729560584,-6.0,-6.0,-6.0
CATCAATGAGGCAGT_1,CATCAATGAGGCAGT,,,0,2,0,0,0,-4.581784733896603,-6.0,-6.0,-6.0
CATCAATGAGGCAGT_2,CATCAATGAGGCAGT,,,0,1,4,0,0,-4.882814729560584,-4.605240382099215,-6.0,-6.0
CATCAATGAGGCAGT_3,CATCAATGAGGCAGT,,,0,4,0,0,0,-4.280754738232622,-6.0,-6.0,-6.0
CATCAATGAGGCAGT_4,CATCAATGAGGCAGT,,,0,12,2,0,0,-3.8036334835129595,-4.906270377763196,-6.0,-6.0
CATCAATGAGGCAGT_5,CATCAATGAGGCAGT,,,0,7,0,0,0,-4.037716689546327,-6.0,-6.0,-6.0
CATCAATGAGGCAGT_6,CATCAATGAGGCAGT,,,0,2,1,0,0,-4.581784733896603,-5.207300373427177,-6.0,-6.0
CATCACCGTGCTCAT_1,CATCACCGTGCTCAT,,,0,5,3,0,0,-4.183844725224565,-4.730179118707515,-6.0,-6.0
CATCACCGTGCTCAT_2,CATCACCGTGCTCAT,,,0,3,0,0,0,-4.4056934748409216,-6.0,-6.0,-6.0
CATTTATGGCTATCT_0,CATTTATGGCTATCT,-0.037317236018727114,0.023871830985556747,3,19,19,13,34,-3.6040611286077553,-3.928546772474348,-4.062642720467952,-3.9759100394935287
CATTTATGGCTATCT_1,CATTTATGGCTATCT,-0.0346680047922056,0.02484254045374396,3,16,34,35,31,-3.6786947469046596,-3.675821456384922,-3.632518028424513,-4.0160272627015114
CATTTATGGCTATCT_2,CATTTATGGCTATCT,-0.06813113948013919,0.0195944499043569,2,13,12,7,12,-3.7688713772537477,-4.128119127379552,-4.331488032760532,-4.428207710488159
CATTTATGGCTATCT_3,CATTTATGGCTATCT,-0.03302718206830438,0.000996868206104825,2,6,17,12,20,-4.104663479176941,-3.976851452048903,-4.097404826727164,-4.206358960871802
CATTTATGGCTATCT_4,CATTTATGGCTATCT,-0.06310845423345597,0.0017075187327705546,2,12,15,8,10,-3.8036334835129595,-4.031209114371496,-4.2734960857828455,-4.507388956535784
CATTTATGGCTATCT_5,CATTTATGGCTATCT,,,0,2,7,5,5,-4.581784733896603,-4.36220233341292,-4.4776160684387705,-4.808418952199765
CATTTATGGCTATCT_6,CATTTATGGCTATCT,-0.058384963668666676,0.0,1,7,18,10,3,-4.037716689546327,-3.952027868323871,-4.176586072774789,-5.030267701816121
CCAACACAGGCTTCG_0,CCAACACAGGCTTCG,,,0,2,0,0,0,-4.581784733896603,-6.0,-6.0,-6.0
CCAACACAGGCTTCG_1,CCAACACAGGCTTCG,,,0,8,5,1,3,-3.979724742568641,-4.5083303690911585,-5.176586072774789,-5.030267701816121
CCAACACAGGCTTCG_2,CCAACACAGGCTTCG,-0.0723814085085756,0.01307051339556982,3,16,19,12,10,-3.6786947469046596,-3.928546772474348,-4.097404826727164,-4.507388956535784
CCAACACAGGCTTCG_3,CCAACACAGGCTTCG,-0.02309248580021213,0.009925469309584418,3,31,71,59,85,-3.3914530357263115,-3.3560420247081018,-3.4057340611326445,-3.5779700308214912
CCAACACAGGCTTCG_4,CCAACACAGGCTTCG,-0.0827199061187036,0.035007967088136305,3,24,25,23,11,-3.5026034878489782,-3.8093603647551393,-3.814858236757196,-4.465996271377559
CCAACACAGGCTTCG_5,CCAACACAGGCTTCG,-0.03390493135181487,0.0,1,11,9,13,5,-3.8414220444023592,-4.253057863987852,-4.062642720467952,-4.808418952199765
CCAACACAGGCTTCG_6,CCAACACAGGCTTCG,-0.03224898169771108,0.031930950709700805,3,12,31,33,25,-3.8036334835129595,-3.7159386795929046,-3.6580721328969013,-4.109448947863746
CCAAGACCGTGTAAA_0,CCAAGACCGTGTAAA,-0.020326500221983908,0.007504233733099434,3,144,259,253,429,-2.724452237465335,-2.7940006093459253,-2.773465551598971,-2.8749316643510596
CCAAGACCGTGTAAA_1,CCAAGACCGTGTAAA,-0.028396452455580833,0.0084017045233187,3,381,609,560,891,-2.301889753884965,-2.4226830807943016,-2.4283980457685885,-2.557511252498909
CCAAGACCGTGTAAA_2,CCAAGACCGTGTAAA,-0.028273534336817174,0.008927615273897058,3,144,280,243,338,-2.724452237465335,-2.760142342084958,-2.7909797991764767,-2.978472256258129
CCAAGACCGTGTAAA_3,CCAAGACCGTGTAAA,-0.01870512136476186,0.008769000605165694,3,94,226,155,294,-2.909686875960886,-2.853191934279776,-2.9862543746044974,-3.0390416261236264
CCAAGACCGTGTAAA_4,CCAAGACCGTGTAAA,,,0,3,4,1,0,-4.4056934748409216,-4.605240382099215,-5.176586072774789,-6.0
CCAAGACCGTGTAAA_5,CCAAGACCGTGTAAA,-0.023069496876331932,0.0008330057981657999,3,324,611,493,889,-2.372269719353972,-2.4212591631846228,-2.483739153497559,-2.5584871955655704
CCAAGACCGTGTAAA_6,CCAAGACCGTGTAAA,-0.02476207275470911,0.0038513750142127757,3,426,874,670,1111,-2.2534051304578653,-2.265788940792774,-2.3505112700739623,-2.461674897594916
CCAGGATGTACCGCC_0,CCAGGATGTACCGCC,,,0,0,0,0,1,-6.0,-6.0,-6.0,-5.507388956535784
CCAGGATGTACCGCC_1,CCAGGATGTACCGCC,0.005518912620885508,0.0005519857575929717,3,209,538,566,1352,-2.5626684434495304,-2.476518097760788,-2.4237696415865173,-2.376412264930167
CCAGGATGTACCGCC_2,CCAGGATGTACCGCC,-0.006013722364049519,0.007542184812718489,3,26,49,50,119,-3.4678413815897664,-3.5171042933986634,-3.47761606843877,-3.431841995143253
CCAGGATGTACCGCC_3,CCAGGATGTACCGCC,-0.009777507249900091,0.014708992873599657,3,170,260,267,695,-2.6523658081823105,-2.792327025456359,-2.750074811410214,-2.66540415194567
CCAGGATGTACCGCC_4,CCAGGATGTACCGCC,-0.0042934727517879145,0.002188495809760561,3,238,527,529,1147,-2.5062377725040723,-2.4854897582146305,-2.453130400739603,-2.447825538634516
CCAGGATGTACCGCC_5,CCAGGATGTACCGCC,-0.0010305943871324217,0.006375854241486012,3,308,646,734,1637,-2.3942640130601403,-2.397067855432093,-2.310890012858718,-2.2933402771238423
CCAGGATGTACCGCC_6,CCAGGATGTACCGCC,-0.012776897210753507,0.006163798669432404,3,129,240,240,482,-2.7722250192613354,-2.827089131715571,-2.796374831063183,-2.8243419182969345
CCGTTAGTATCGCTA_1,CCGTTAGTATCGCTA,,,0,3,1,0,0,-4.4056934748409216,-5.207300373427177,-6.0,-6.0
CCGTTAGTATCGCTA_2,CCGTTAGTATCGCTA,,,0,11,0,0,0,-3.8414220444023592,-6.0,-6.0,-6.0
CCGTTAGTATCGCTA_3,CCGTTAGTATCGCTA,,,0,20,7,0,0,-3.5817847338966033,-4.36220233341292,-6.0,-6.0
CGAACAGAAACACAA_0,CGAACAGAAACACAA,-0.019180912105176983,0.013176734739602729,3,12,29,27,37,-3.8036334835129595,-3.744902375528221,-3.7452223086158014,-3.9391872324687887
CGAACAGAAACACAA_1,CGAACAGAAACACAA,-0.03552510397797832,0.0008543073268652826,3,582,995,700,1099,-2.117891744910696,-2.2094772926814517,-2.331488032760532,-2.466391264112293
CGAACAGAAACACAA_2,CGAACAGAAACACAA,,,0,4,0,5,1,-4.280754738232622,-6.0,-4.4776160684387705,-5.507388956535784
CGAACAGAAACACAA_3,CGAACAGAAACACAA,-0.02534167808385504,0.010482904948172635,3,119,198,133,305,-2.8072677681680536,-2.910635183165646,-3.052734431807703,-3.023089117188998
CGAACAGAAACACAA_4,CGAACAGAAACACAA,-0.02580326859835976,0.012693401782062774,3,72,107,111,182,-3.025482233129316,-3.1779165957419675,-3.1312630939881316,-3.247317568550709
CGAACAGAAACACAA_5,CGAACAGAAACACAA,-0.034280942384651486,0.03113083223145363,2,10,11,9,30,-3.8828147295605846,-4.165907688268952,-4.222343563335464,-4.030267701816121
CGAACAGAAACACAA_6,CGAACAGAAACACAA,-0.031119593770085514,0.02610639559749759,2,6,18,19,22,-4.104663479176941,-3.952027868323871,-3.89783247182196,-4.164966275713578
CGAATGCCATACAAA_1,CGAATGCCATACAAA,-0.0032018143602760307,0.002551495187366826,3,791,1922,1744,3939,-1.9846382460629077,-1.9235469900946505,-1.9350395921782404,-1.9120029757266421
CGAATGCCATACAAA_2,CGAATGCCATACAAA,0.014561447189707897,0.009501213536915656,3,33,77,85,280,-3.364300789682697,-3.3208096482546954,-3.2471671470604964,-3.0602309251935647
CGAATGCCATACAAA_3,CGAATGCCATACAAA,-0.004767562609064316,0.004081022319035581,3,197,481,474,936,-2.5883485033989913,-2.5251552970533453,-2.500807731100704,-2.5361131077976786
CGAATGCCATACAAA_4,CGAATGCCATACAAA,0.006958448014723361,0.0018421292134850648,3,57,152,164,385,-3.126939873888093,-3.0254567854824046,-2.961742224727091,-2.921928227027283
CGATGATGATGATGA_0,CGATGATGATGATGA,-0.0004763909750038703,0.003438825517628405,3,99,255,253,535,-2.8871795349630345,-2.8007601929932218,-2.773465551598971,-2.7790351745145556
CGATGATGATGATGA_1,CGATGATGATGATGA,0.003641016585793789,0.006991353568206435,3,227,485,509,1388,-2.5267888723674616,-2.5215586348249133,-2.46986829043803,-2.3649994904169476
CGATGATGATGATGA_2,CGATGATGATGATGA,-0.00020804123189919132,0.004730511829636764,3,373,799,854,2032,-2.311105897751897,-2.3047535941131856,-2.245128202085784,-2.1994652529239023
CGATGATGATGATGA_3,CGATGATGATGATGA,0.002463442823416536,0.0013138879878553356,3,174,419,441,1027,-2.6422654812779847,-2.5850863504608816,-2.53214748330695,-2.4958185129385058
CGATGATGATGATGA_4,CGATGATGATGATGA,-0.0021251588117884453,0.006779093617775448,3,370,766,872,1903,-2.314613005493589,-2.323071603794573,-2.2360695878422217,-2.2279501682487632
CGATGATGATGATGA_5,CGATGATGATGATGA,0.002712021078712386,0.0029353333606678663,3,1775,4708,4720,10555,-1.6336163721694714,-1.53446391925578,-1.502644074140701,-1.4839307188921087
CGATGATGATGATGA_6,CGATGATGATGATGA,0.01718747645147836,0.0077594205223151325,3,61,201,247,560,-3.0974848945498175,-2.904104316006688,-2.783889119515123,-2.7592009295295834
CGCGATCAATCCTCT_1,CGCGATCAATCCTCT,,,0,2,0,1,1,-4.581784733896603,-6.0,-5.176586072774789,-5.507388956535784
CGCGATCAATCCTCT_2,CGCGATCAATCCTCT,,,0,0,0,1,0,-6.0,-6.0,-5.176586072774789,-6.0
CGCGATCAATCCTCT_3,CGCGATCAATCCTCT,,,0,5,4,2,0,-4.183844725224565,-4.605240382099215,-4.875556077110808,-6.0
CGCGATCAATCCTCT_4,CGCGATCAATCCTCT,,,0,1,0,0,0,-4.882814729560584,-6.0,-6.0,-6.0
CGCGATCAATCCTCT_5,CGCGATCAATCCTCT,,,0,1,1,0,0,-4.882814729560584,-5.207300373427177,-6.0,-6.0
CGTCAAGACCTTCTA_1,CGTCAAGACCTTCTA,,,0,9,13,5,7,-3.9285722201212594,-4.09335702112034,-4.4776160684387705,-4.662290916521527
CGTCAAGACCTTCTA_2,CGTCAAGACCTTCTA,,,0,8,3,2,4,-3.979724742568641,-4.730179118707515,-4.875556077110808,-4.905328965207821
CGTCAAGACCTTCTA_3,CGTCAAGACCTTCTA,-0.07334765973768402,0.0163324622915081,3,28,45,15,17,-3.435656698218365,-3.5540878596518333,-4.000494813719108,-4.2769400351575095
CGTCAAGACCTTCTA_4,CGTCAAGACCTTCTA,,,0,1,0,0,0,-4.882814729560584,-6.0,-6.0,-6.0
CGTCAAGACCTTCTA_5,CGTCAAGACCTTCTA,,,0,0,2,1,4,-6.0,-4.906270377763196,-5.176586072774789,-4.905328965207821
CTAAGCAGTCTTCTC_0,CTAAGCAGTCTTCTC,,,0,14,9,1,0,-3.7366866938823464,-4.253057863987852,-5.176586072774789,-6.0
CTAAGCAGTCTTCTC_1,CTAAGCAGTCTTCTC,,,0,16,9,1,0,-3.6786947469046596,-4.253057863987852,-5.176586072774789,-6.0
CTAAGCAGTCTTCTC_2,CTAAGCAGTCTTCTC,-0.13892016789136613,0.0,1,30,18,7,1,-3.405693474840922,-3.952027868323871,-4.331488032760532,-5.507388956535784
CTAAGCAGTCTTCTC_3,CTAAGCAGTCTTCTC,-0.12838411632558355,0.0,1,45,30,3,0,-3.2296022157852406,-3.7301791187075146,-4.699464818055127,-6.0
CTAAGCAGTCTTCTC_4,CTAAGCAGTCTTCTC,-0.16438438972872432,0.0,1,43,20,0,7,-3.249346273980998,-3.906270377763196,-6.0,-4.662290916521527
CTAAGCAGTCTTCTC_5,CTAAGCAGTCTTCTC,-0.18687747591755485,0.0,1,140,52,6,3,-2.7366866938823464,-3.4912970297923778,-4.398434822391145,-5.030267701816121
CTAAGCAGTCTTCTC_6,CTAAGCAGTCTTCTC,,,0,11,7,1,1,-3.8414220444023592,-4.36220233341292,-5.176586072774789,-5.507388956535784
CTAAGTGTGAAGGAG_1,CTAAGTGTGAAGGAG,0.022919836591860948,0.001187678850372559,3,237,705,909,2584,-2.5080663835504806,-2.3591112564357783,-2.2180221895528214,-2.0950964472127374
CTACTTACAACGGAA_1,CTACTTACAACGGAA,0.01765625010001226,0.010048565783605651,3,58,211,210,540,-3.1193867359976473,-2.883017918129484,-2.8543667780408697,-2.7749951967128155
CTACTTACAACGGAA_2,CTACTTACAACGGAA,-0.049276502489910834,0.01950696194327009,3,12,27,11,15,-3.8036334835129595,-3.77593660926819,-4.135193387616564,-4.331297697480102
CTACTTACAACGGAA_3,CTACTTACAACGGAA,-0.0016600119695685384,0.005194416807559512,3,116,306,268,605,-2.818356740333666,-2.721578946945597,-2.748451278746,-2.725633581883315
CTAGTTGTATAGCCA_0,CTAGTTGTATAGCCA,,,0,3,0,0,0,-4.4056934748409216,-6.0,-6.0,-6.0
CTAGTTGTATAGCCA_1,CTAGTTGTATAGCCA,,,0,7,1,0,0,-4.037716689546327,-5.207300373427177,-6.0,-6.0
CTAGTTGTATAGCCA_2,CTAGTTGTATAGCCA,,,0,7,3,0,0,-4.037716689546327,-4.730179118707515,-6.0,-6.0
CTAGTTGTATAGCCA_3,CTAGTTGTATAGCCA,,,0,5,4,0,0,-4.183844725224565,-4.605240382099215,-6.0,-6.0
CTAGTTGTATAGCCA_4,CTAGTTGTATAGCCA,,,0,11,3,0,1,-3.8414220444023592,-4.730179118707515,-6.0,-5.507388956535784
CTAGTTGTATAGCCA_5,CTAGTTGTATAGCCA,,,0,1,0,4,1,-4.882814729560584,-6.0,-4.574526081446827,-5.507388956535784
CTAGTTGTATAGCCA_6,CTAGTTGTATAGCCA,,,0,1,0,0,0,-4.882814729560584,-6.0,-6.0,-6.0
CTATCAAGGCTTAAT_1,CTATCAAGGCTTAAT,,,0,3,0,0,0,-4.4056934748409216,-6.0,-6.0,-6.0
CTATCAAGGCTTAAT_2,CTATCAAGGCTTAAT,,,0,0,0,2,0,-6.0,-6.0,-4.875556077110808,-6.0
CTATGCATTTACTCA_1,CTATGCATTTACTCA,,,0,3,0,0,0,-4.4056934748409216,-6.0,-6.0,-6.0
CTATGCATTTACTCA_2,CTATGCATTTACTCA,,,0,2,0,0,0,-4.581784733896603,-6.0,-6.0,-6.0
CTCGCTAATACTCCT_1,CTCGCTAATACTCCT,-0.0011350550643291967,0.0036193829568488657,3,295,653,697,1563,-2.412992713582421,-2.392387192152103,-2.333353294676779,-2.313429978516597
CTCGCTAATACTCCT_2,CTCGCTAATACTCCT,0.005329284230614421,0.0054981122075348,3,118,288,345,759,-2.810932722254459,-2.747907885667946,-2.638766977701515,-2.6271471806403035
CTCGCTAATACTCCT_3,CTCGCTAATACTCCT,,,0,3,1,12,2,-4.4056934748409216,-5.207300373427177,-4.097404826727164,-5.206358960871802
CTCGCTAATACTCCT_4,CTCGCTAATACTCCT,0.004103688867983772,0.000866110377183059,3,100,247,255,620,-2.8828147295605846,-2.8146034201675114,-2.7700458923408338,-2.71499726703753
CTCTTGAGAATACTT_0,CTCTTGAGAATACTT,,,0,0,0,2,0,-6.0,-6.0,-4.875556077110808,-6.0
CTCTTGAGAATACTT_1,CTCTTGAGAATACTT,,,0,4,8,3,1,-4.280754738232622,-4.3042103864352335,-4.699464818055127,-5.507388956535784
CTCTTGAGAATACTT_2,CTCTTGAGAATACTT,,,0,3,0,0,0,-4.4056934748409216,-6.0,-6.0,-6.0
CTCTTGAGAATACTT_3,CTCTTGAGAATACTT,,,0,1,0,0,0,-4.882814729560584,-6.0,-6.0,-6.0
CTCTTGAGAATACTT_4,CTCTTGAGAATACTT,,,0,2,5,1,0,-4.581784733896603,-4.5083303690911585,-5.176586072774789,-6.0
CTCTTGAGAATACTT_5,CTCTTGAGAATACTT,,,0,6,3,0,0,-4.104663479176941,-4.730179118707515,-6.0,-6.0
CTCTTGAGAATACTT_6,CTCTTGAGAATACTT,,,0,1,0,0,0,-4.882814729560584,-6.0,-6.0,-6.0
CTTGATCAATCAAAA_0,CTTGATCAATCAAAA,-0.0213145360985328,0.011210230437525951,3,102,151,143,295,-2.8742145577986666,-3.0283234261340075,-3.021250035309727,-3.0375669405576207
CTTGATCAATCAAAA_1,CTTGATCAATCAAAA,-0.020265591228128068,0.013321667059507705,3,65,150,144,194,-3.069901372917729,-3.031209114371496,-3.018223580679539,-3.2195872266055576
CTTGATCAATCAAAA_2,CTTGATCAATCAAAA,-0.02903634413127011,0.019099114429587283,3,34,41,46,78,-3.3513358125183292,-3.5945165167074418,-3.513828241093215,-3.6152943538453033
CTTGATCAATCAAAA_3,CTTGATCAATCAAAA,-0.035091440267414065,0.005687455357395264,3,92,179,119,176,-2.919026902215029,-2.954447342447284,-3.101039111382258,-3.261876288721634
CTTGATCAATCAAAA_4,CTTGATCAATCAAAA,-0.020883202714310944,0.008653948751855623,3,114,269,215,334,-2.825909878224112,-2.777548093424769,-2.8441476128591834,-2.9836424897242195
CTTGATCAATCAAAA_5,CTTGATCAATCAAAA,-0.018677710816482267,0.008221851722538797,3,215,486,329,673,-2.550376269644979,-2.520664104164884,-2.6593901748248143,-2.679373892311807
CTTGATCAATCAAAA_6,CTTGATCAATCAAAA,-0.01755457329952921,0.009759130738964488,3,80,204,145,259,-2.979724742568641,-2.8976702060012784,-3.015218070539814,-3.094089192454532
CTTGATGGCTGAAAG_0,CTTGATGGCTGAAAG,-0.036979585410765216,0.011877522013664392,3,78,98,83,141,-2.990720126870104,-3.216074297734682,-3.257507980398715,-3.358169843880404
CTTGATGGCTGAAAG_1,CTTGATGGCTGAAAG,-0.03749005990986663,0.012394026715821852,3,91,183,139,162,-2.9237733372394907,-2.9448492836967475,-3.033571272520694,-3.297873941993153
CTTGATGGCTGAAAG_2,CTTGATGGCTGAAAG,-0.017911613598797213,0.004968352102555775,3,133,282,208,426,-2.758963088593499,-2.757051265107816,-2.8585227378120273,-2.8779793574330648
CTTGATGGCTGAAAG_3,CTTGATGGCTGAAAG,-0.021112102040116845,0.004884543166232607,3,133,230,196,387,-2.758963088593499,-2.845572537409584,-2.884330001418313,-2.9196779915168727
CTTGATGGCTGAAAG_4,CTTGATGGCTGAAAG,-0.03737751113068696,0.0021143614708753907,3,407,705,462,727,-2.2732203203353643,-2.3591112564357783,-2.5119440972186635,-2.645854545676746
CTTGATGGCTGAAAG_5,CTTGATGGCTGAAAG,-0.01813286124401631,0.012237153961856984,3,22,45,48,70,-3.540392048738378,-3.5540878596518333,-3.4953448353992016,-3.662290916521527
CTTGATGGCTGAAAG_6,CTTGATGGCTGAAAG,-0.024332717094288987,0.008285620967045779,3,67,115,110,177,-3.056739926859758,-3.1466025330735654,-3.135193387616564,-3.2594156901739773
CTTGCAAGTGTAATT_0,CTTGCAAGTGTAATT,,,0,3,0,0,0,-4.4056934748409216,-6.0,-6.0,-6.0
CTTGCAAGTGTAATT_1,CTTGCAAGTGTAATT,,,0,0,2,0,0,-6.0,-4.906270377763196,-6.0,-6.0
CTTGCAAGTGTAATT_2,CTTGCAAGTGTAATT,,,0,1,0,0,0,-4.882814729560584,-6.0,-6.0,-6.0
CTTGCAAGTGTAATT_3,CTTGCAAGTGTAATT,,,0,0,0,0,1,-6.0,-6.0,-6.0,-5.507388956535784
CTTGCAAGTGTAATT_4,CTTGCAAGTGTAATT,,,0,4,2,3,0,-4.280754738232622,-4.906270377763196,-4.699464818055127,-6.0
CTTGCAAGTGTAATT_5,CTTGCAAGTGTAATT,,,0,1,0,0,0,-4.882814729560584,-6.0,-6.0,-6.0
CTTGCAAGTGTAATT_6,CTTGCAAGTGTAATT,,,0,5,0,0,0,-4.183844725224565,-6.0,-6.0,-6.0
CTTTCTTGTGTATTT_0,CTTTCTTGTGTATTT,,,0,5,0,0,0,-4.183844725224565,-6.0,-6.0,-6.0
CTTTCTTGTGTATTT_1,CTTTCTTGTGTATTT,,,0,2,0,0,0,-4.581784733896603,-6.0,-6.0,-6.0
CTTTCTTGTGTATTT_2,CTTTCTTGTGTATTT,,,0,2,2,0,0,-4.581784733896603,-4.906270377763196,-6.0,-6.0
CTTTCTTGTGTATTT_3,CTTTCTTGTGTATTT,,,0,16,4,6,3,-3.6786947469046596,-4.605240382099215,-4.398434822391145,-5.030267701816121
CTTTCTTGTGTATTT_4,CTTTCTTGTGTATTT,,,0,8,5,1,0,-3.979724742568641,-4.5083303690911585,-5.176586072774789,-6.0
CTTTCTTGTGTATTT_5,CTTTCTTGTGTATTT,,,0,14,5,0,0,-3.7366866938823464,-4.5083303690911585,-6.0,-6.0
CTTTCTTGTGTATTT_6,CTTTCTTGTGTATTT,,,0,4,0,0,0,-4.280754738232622,-6.0,-6.0,-6.0
GAACTCAGGTTCCAT_0,GAACTCAGGTTCCAT,-0.03798278852409797,0.014673909553876053,3,61,71,53,107,-3.0974848945498175,-3.3560420247081018,-3.4523102031739996,-3.4780051788505744
GAACTCAGGTTCCAT_1,GAACTCAGGTTCCAT,-0.014016826018315623,0.01896418888228164,3,35,110,64,126,-3.338746685210309,-3.165907688268952,-3.3704060987909017,-3.407018411418221
GAACTCAGGTTCCAT_2,GAACTCAGGTTCCAT,-0.011616022838641145,0.007273323141661206,3,61,123,130,236,-3.0974848945498175,-3.117395261987779,-3.0626427204679523,-3.1344769535656773
GAACTCAGGTTCCAT_3,GAACTCAGGTTCCAT,-0.03278662776204056,0.01753501566421689,3,20,53,29,41,-3.5817847338966033,-3.483024503826388,-3.7141880748758327,-3.8946050998160486
GAACTCAGGTTCCAT_4,GAACTCAGGTTCCAT,-0.04586720751923015,0.015247644177473946,3,39,43,27,54,-3.291750122534085,-3.5738319178475906,-3.7452223086158014,-3.7749951967128155
GAACTCAGGTTCCAT_5,GAACTCAGGTTCCAT,,,0,3,4,2,4,-4.4056934748409216,-4.605240382099215,-4.875556077110808,-4.905328965207821
GAACTCAGGTTCCAT_6,GAACTCAGGTTCCAT,-0.041153128543193127,0.05260679153514913,2,4,18,25,18,-4.280754738232622,-3.952027868323871,-3.7786460641027513,-4.252116451432478
GAGAATGAAGGACAG_0,GAGAATGAAGGACAG,,,0,4,7,6,3,-4.280754738232622,-4.36220233341292,-4.398434822391145,-5.030267701816121
GAGAATGAAGGACAG_1,GAGAATGAAGGACAG,-0.0731819043820381,0.014521804340368052,3,59,73,25,36,-3.1119627179184404,-3.3439775133067213,-3.7786460641027513,-3.951086455768497
GAGAATGAAGGACAG_2,GAGAATGAAGGACAG,,,0,5,7,4,4,-4.183844725224565,-4.36220233341292,-4.574526081446827,-4.905328965207821
GAGAATGAAGGACAG_3,GAGAATGAAGGACAG,,,0,2,1,3,5,-4.581784733896603,-5.207300373427177,-4.699464818055127,-4.808418952199765
GAGAATGAAGGACAG_4,GAGAATGAAGGACAG,,,0,4,4,0,1,-4.280754738232622,-4.605240382099215,-6.0,-5.507388956535784
GAGAATGAAGGACAG_5,GAGAATGAAGGACAG,-0.07352752115069984,0.0,1,13,15,3,4,-3.7688713772537477,-4.031209114371496,-4.699464818055127,-4.905328965207821
GAGAATGAAGGACAG_6,GAGAATGAAGGACAG,,,0,3,2,0,0,-4.4056934748409216,-4.906270377763196,-6.0,-6.0
GAGTGCTTCAAAGTT_0,GAGTGCTTCAAAGTT,-0.02659623066382694,0.009406593010099131,3,79,116,102,195,-2.9851876382701428,-3.1428423842002586,-3.1679859010128713,-3.217354345173266
GAGTGCTTCAAAGTT_1,GAGTGCTTCAAAGTT,-0.038992630511423335,0.0050953387760565285,3,57,82,59,97,-3.126939873888093,-3.2934865210434605,-3.4057340611326445,-3.520617222269539
GAGTGCTTCAAAGTT_2,GAGTGCTTCAAAGTT,-0.03434234507234539,0.013503439390171549,3,23,32,20,45,-3.5210868935429915,-3.702150395107271,-3.8755560771108075,-3.85417644276044
GAGTGCTTCAAAGTT_3,GAGTGCTTCAAAGTT,0.007807167429219741,0.00412437564780379,3,14,33,38,97,-3.7366866938823464,-3.6887864335492897,-3.5968024761579787,-3.520617222269539
GAGTGCTTCAAAGTT_4,GAGTGCTTCAAAGTT,,,0,0,3,1,0,-6.0,-4.730179118707515,-5.176586072774789,-6.0
GAGTGCTTCAAAGTT_5,GAGTGCTTCAAAGTT,-0.02932885522875885,0.005095573447701841,3,135,216,163,307,-2.7524809610655785,-2.872846622276246,-2.964398468370831,-3.0202505810585976
GAGTGCTTCAAAGTT_6,GAGTGCTTCAAAGTT,-0.002068099648123553,0.023106825647524747,2,8,27,19,59,-3.979724742568641,-3.77593660926819,-3.89783247182196,-3.73653694489364
GCAAGAAAGAAACCC_0,GCAAGAAAGAAACCC,-0.045104397724777284,0.009129277461759162,3,12,18,14,17,-3.8036334835129595,-3.952027868323871,-4.030458037096551,-4.2769400351575095
GCAAGAAAGAAACCC_1,GCAAGAAAGAAACCC,-0.039371382497129404,0.02245828734524754,2,11,13,12,9,-3.8414220444023592,-4.09335702112034,-4.097404826727164,-4.553146447096459
GCAAGAAAGAAACCC_2,GCAAGAAAGAAACCC,-0.12623176703371589,0.0,1,6,8,17,11,-4.104663479176941,-4.3042103864352335,-3.946137151396515,-4.465996271377559
GCAAGAAAGAAACCC_3,GCAAGAAAGAAACCC,,,0,1,1,10,6,-4.882814729560584,-5.207300373427177,-4.176586072774789,-4.72923770615214
GCAAGAAAGAAACCC_4,GCAAGAAAGAAACCC,,,0,1,0,0,0,-4.882814729560584,-6.0,-6.0,-6.0
GCAAGAAAGAAACCC_5,GCAAGAAAGAAACCC,,,0,3,3,0,0,-4.4056934748409216,-4.730179118707515,-6.0,-6.0
GCAAGAAAGAAACCC_6,GCAAGAAAGAAACCC,-0.046806236751453366,0.02393324495963468,3,26,22,20,35,-3.4678413815897664,-3.864877692604971,-3.8755560771108075,-3.9633209121855084
GCTAATTTCAAGAAT_1,GCTAATTTCAAGAAT,-0.04016672465658803,0.0210330256360748,3,14,14,10,23,-3.7366866938823464,-4.061172337748939,-4.176586072774789,-4.145661120518191
GCTAATTTCAAGAAT_2,GCTAATTTCAAGAAT,-0.040880700702507065,0.0,1,10,7,0,16,-3.8828147295605846,-4.36220233341292,-6.0,-4.3032689738798595
GCTGCGGAGCCTCAG_1,GCTGCGGAGCCTCAG,,,0,6,0,0,0,-4.104663479176941,-6.0,-6.0,-6.0
GCTGCGGAGCCTCAG_2,GCTGCGGAGCCTCAG,,,0,0,0,1,0,-6.0,-6.0,-5.176586072774789,-6.0
GCTGCGGAGCCTCAG_3,GCTGCGGAGCCTCAG,,,0,3,0,0,0,-4.4056934748409216,-6.0,-6.0,-6.0
GCTGCGGAGCCTCAG_4,GCTGCGGAGCCTCAG,,,0,0,0,4,3,-6.0,-6.0,-4.574526081446827,-5.030267701816121
GCTGCTTATGAGGAT_0,GCTGCTTATGAGGAT,-0.002625182894247069,0.004703786820824078,3,150,344,306,760,-2.7067234705049033,-2.670741930855647,-2.690864646293209,-2.6265753642549927
GCTGCTTATGAGGAT_1,GCTGCTTATGAGGAT,-0.002243603366235392,0.001761670232536244,3,152,343,344,779,-2.700971141615812,-2.6720062533844064,-2.640027630203259,-2.6158514988632193
GCTGCTTATGAGGAT_2,GCTGCTTATGAGGAT,-0.0003529877079578118,0.011819215677761744,3,191,354,448,1036,-2.601781362312857,-2.658297111401389,-2.5253080587766448,-2.4920292011265697
GCTGCTTATGAGGAT_3,GCTGCTTATGAGGAT,0.00473687141780154,0.00461906312299275,3,254,608,711,1605,-2.4779810129406465,-2.423396794154442,-2.3247164720450226,-2.301913919794893
GCTGCTTATGAGGAT_4,GCTGCTTATGAGGAT,0.0002381112245871368,0.008466473929176377,3,71,144,173,392,-3.031556380841509,-3.0489378813319274,-2.9385399696459933,-2.9141028895153265
GCTGCTTATGAGGAT_5,GCTGCTTATGAGGAT,-0.0037527140425818025,0.008185115013360876,3,108,248,201,529,-2.8493909740736347,-2.812848692600961,-2.8733900153543,-2.783933284500598
GCTGCTTATGAGGAT_6,GCTGCTTATGAGGAT,-0.009770384996392002,0.008123654167416772,3,202,538,442,826,-2.5774633601139607,-2.476518097760788,-2.531163803425697,-2.5904089092154017
GGTGGAAGTAGCAGT_0,GGTGGAAGTAGCAGT,,,0,8,1,0,0,-3.979724742568641,-5.207300373427177,-6.0,-6.0
GGTGGAAGTAGCAGT_1,GGTGGAAGTAGCAGT,-0.16286816495475645,0.0,1,36,17,5,3,-3.3265122287932973,-3.976851452048903,-4.4776160684387705,-5.030267701816121
GGTGGAAGTAGCAGT_2,GGTGGAAGTAGCAGT,-0.09402234006274596,0.01878398964190775,3,49,31,12,16,-3.1926186495320708,-3.7159386795929046,-4.097404826727164,-4.3032689738798595
GGTGGAAGTAGCAGT_3,GGTGGAAGTAGCAGT,-0.07065257982210123,0.0,1,16,19,4,4,-3.6786947469046596,-3.928546772474348,-4.574526081446827,-4.905328965207821
GGTGGAAGTAGCAGT_4,GGTGGAAGTAGCAGT,-0.1504081954912084,0.0,1,43,23,2,3,-3.249346273980998,-3.845572537409584,-4.875556077110808,-5.030267701816121
GGTGGAAGTAGCAGT_5,GGTGGAAGTAGCAGT,,,0,14,7,3,0,-3.7366866938823464,-4.36220233341292,-4.699464818055127,-6.0
GGTGGAAGTAGCAGT_6,GGTGGAAGTAGCAGT,,,0,1,1,0,0,-4.882814729560584,-5.207300373427177,-6.0,-6.0
GGTTGCCCAGAAGTA_0,GGTTGCCCAGAAGTA,-0.004196742175103841,0.015500059691181857,3,24,79,71,116,-3.5026034878489782,-3.309673282136736,-3.3253277240557138,-3.4429309673088655
GGTTGCCCAGAAGTA_1,GGTTGCCCAGAAGTA,-0.027369330112114718,0.02759181913738982,3,34,33,42,82,-3.3513358125183292,-3.6887864335492897,-3.5533367823768884,-3.5935751041520674
GGTTGCCCAGAAGTA_2,GGTTGCCCAGAAGTA,-0.01031092931900676,0.004331306906905347,3,300,627,527,1207,-2.405693474840922,-2.4100328325964604,-2.4547754575622425,-2.4256816864384345
GGTTGCCCAGAAGTA_3,GGTTGCCCAGAAGTA,-0.01750712353512371,0.002374017512081975,3,3201,6110,5312,10378,-1.377529055416452,-1.4212591631846228,-1.4513280064148277,-1.4912752901768753
GGTTGCCCAGAAGTA_4,GGTTGCCCAGAAGTA,-0.015109820112415328,0.013153515486017314,3,31,55,65,108,-3.3914530357263115,-3.466937683932933,-3.363672716131933,-3.473965201048834
GGTTGCCCAGAAGTA_5,GGTTGCCCAGAAGTA,-0.00254988423471559,0.0066160085317120395,3,64,155,170,325,-3.076634755576697,-3.0169686752568854,-2.946137151396515,-2.9955055955569097
GGTTGCCCAGAAGTA_6,GGTTGCCCAGAAGTA,-0.017556754729020782,0.015541118876274731,3,59,153,88,191,-3.1119627179184404,-3.0226089426095784,-3.23210340062462,-3.2263555892880564
GTAATCTGACTCTAG_0,GTAATCTGACTCTAG,,,0,0,1,0,0,-6.0,-5.207300373427177,-6.0,-6.0
GTAATCTGACTCTAG_1,GTAATCTGACTCTAG,-0.08783760551476727,0.0,1,10,10,2,0,-3.8828147295605846,-4.207300373427177,-4.875556077110808,-6.0
GTAATCTGACTCTAG_2,GTAATCTGACTCTAG,-0.020668938125930986,0.004187923568579516,3,39,84,67,115,-3.291750122534085,-3.2830210873652956,-3.3505112700739623,-3.4466911161821723
GTAATCTGACTCTAG_3,GTAATCTGACTCTAG,,,0,9,7,0,1,-3.9285722201212594,-4.36220233341292,-6.0,-5.507388956535784
GTAATCTGACTCTAG_4,GTAATCTGACTCTAG,,,0,5,2,0,0,-4.183844725224565,-4.906270377763196,-6.0,-6.0
GTAATCTGACTCTAG_5,GTAATCTGACTCTAG,-0.08212176413077225,0.0,1,17,18,8,1,-3.6523658081823105,-3.952027868323871,-4.2734960857828455,-5.507388956535784
GTAATCTGACTCTAG_6,GTAATCTGACTCTAG,,,0,6,2,0,0,-4.104663479176941,-4.906270377763196,-6.0,-6.0
GTACAAGAAATTTTG_1,GTACAAGAAATTTTG,0.00476548589006481,0.003961253012444954,3,74,175,201,468,-3.0135830098296084,-2.964262324740883,-2.8733900153543,-2.83714310346166
GTACAAGAAATTTTG_2,GTACAAGAAATTTTG,0.00881736539704367,0.00143749641980768,3,522,1421,1513,3728,-2.165144226558322,-2.0547062954997073,-1.996747144751602,-1.9359130528538402
GTACAAGAAATTTTG_3,GTACAAGAAATTTTG,0.008242290922161385,0.007957551825236015,3,102,271,344,716,-2.8742145577986666,-2.7743310825527714,-2.640027630203259,-2.6524759342279283
GTACAAGAAATTTTG_4,GTACAAGAAATTTTG,0.0057310726220894965,0.017935599407922796,3,98,161,210,638,-2.8915886538680895,-3.0004744973953272,-2.8543667780408697,-2.7025682778146214
GTACAAGAAATTTTG_5,GTACAAGAAATTTTG,0.005779733376204137,0.0018917604968214212,3,2384,6224,6271,15543,-1.5055084784923856,-1.4132307894455445,-1.379249271999439,-1.3158541095290002
GTACAAGAAATTTTG_6,GTACAAGAAATTTTG,,,0,1,0,11,1,-4.882814729560584,-6.0,-4.135193387616564,-5.507388956535784
GTCACCGGCACTAAC_1,GTCACCGGCACTAAC,-0.013681814823198916,0.010289636817596771,3,66,130,144,240,-3.063270794018716,-3.0933570211203403,-3.018223580679539,-3.1271777148241777
GTCACCGGCACTAAC_2,GTCACCGGCACTAAC,,,0,0,0,0,2,-6.0,-6.0,-6.0,-5.206358960871802
GTCACCGGCACTAAC_3,GTCACCGGCACTAAC,0.009699717955955782,0.002376619333102461,3,48,132,148,352,-3.201573492184997,-3.086726442221327,-3.0063243573798313,-2.960846293057653
GTCACCGGCACTAAC_4,GTCACCGGCACTAAC,-0.0064631673752924244,0.009892394030918851,3,64,184,152,289,-3.076634755576697,-2.942482550417641,-2.994742484830016,-3.046491113779236
GTCACCGGCACTAAC_5,GTCACCGGCACTAAC,-0.01571634450941127,0.043643197676820934,3,19,31,12,65,-3.6040611286077553,-3.7159386795929046,-4.097404826727164,-3.6944755998929284
GTGTGATTACTAAAT_0,GTGTGATTACTAAAT,,,0,9,1,2,0,-3.9285722201212594,-5.207300373427177,-4.875556077110808,-6.0
GTGTGATTACTAAAT_1,GTGTGATTACTAAAT,-0.08783760551476709,0.0,1,18,18,5,0,-3.627542224457278,-3.952027868323871,-4.4776160684387705,-6.0
GTGTGATTACTAAAT_2,GTGTGATTACTAAAT,,,0,3,0,0,0,-4.4056934748409216,-6.0,-6.0,-6.0
GTGTGATTACTAAAT_3,GTGTGATTACTAAAT,,,0,14,4,5,0,-3.7366866938823464,-4.605240382099215,-4.4776160684387705,-6.0
GTGTGATTACTAAAT_4,GTGTGATTACTAAAT,,,0,6,8,1,0,-4.104663479176941,-4.3042103864352335,-5.176586072774789,-6.0
GTGTGATTACTAAAT_5,GTGTGATTACTAAAT,,,0,4,1,1,0,-4.280754738232622,-5.207300373427177,-5.176586072774789,-6.0
GTGTGATTACTAAAT_6,GTGTGATTACTAAAT,-0.04988864334427688,0.0,1,13,19,5,4,-3.7688713772537477,-3.928546772474348,-4.4776160684387705,-4.905328965207821
GTTAAATCAACAGTT_0,GTTAAATCAACAGTT,-0.1238780548851266,0.02084465152056805,3,135,59,18,18,-2.7524809610655785,-3.436448361785033,-3.9213135676714828,-4.252116451432478
GTTAAATCAACAGTT_1,GTTAAATCAACAGTT,-0.12811789412464275,0.05610523709034719,2,43,13,8,11,-3.249346273980998,-4.09335702112034,-4.2734960857828455,-4.465996271377559
GTTAAATCAACAGTT_2,GTTAAATCAACAGTT,-0.0590693982695891,0.0,1,18,24,4,7,-3.627542224457278,-3.827089131715571,-4.574526081446827,-4.662290916521527
GTTAAATCAACAGTT_3,GTTAAATCAACAGTT,,,0,8,4,0,0,-3.979724742568641,-4.605240382099215,-6.0,-6.0
GTTAAATCAACAGTT_4,GTTAAATCAACAGTT,,,0,15,9,1,0,-3.7067234705049033,-4.253057863987852,-5.176586072774789,-6.0
GTTAAATCAACAGTT_5,GTTAAATCAACAGTT,,,0,7,4,2,0,-4.037716689546327,-4.605240382099215,-4.875556077110808,-6.0
GTTAAATCAACAGTT_6,GTTAAATCAACAGTT,-0.16838222397674574,0.0462480742347645,2,121,104,10,6,-2.8000293592441343,-3.1902670341283965,-4.176586072774789,-4.72923770615214
GTTCAGCTTTGATCG_1,GTTCAGCTTTGATCG,-0.05578005418745528,0.001074368407020576,2,14,19,11,9,-3.7366866938823464,-3.928546772474348,-4.135193387616564,-4.553146447096459
GTTCAGCTTTGATCG_2,GTTCAGCTTTGATCG,-0.05931333891604147,0.014096960324303682,3,40,39,22,37,-3.280754738232622,-3.6162357664006777,-3.8341633919525826,-3.9391872324687887
GTTCAGCTTTGATCG_3,GTTCAGCTTTGATCG,-0.1666833415511942,0.0,1,22,10,9,5,-3.540392048738378,-4.207300373427177,-4.222343563335464,-4.808418952199765
GTTGAACTGGTTGTT_1,GTTGAACTGGTTGTT,-0.033350310166984413,0.012760244289022863,3,64,122,107,129,-3.076634755576697,-3.120940542752429,-3.147202295089579,-3.396799246236535
GTTGAACTGGTTGTT_2,GTTGAACTGGTTGTT,-0.0187868541396714,0.006181297700819351,3,75,174,132,234,-3.0077534661688845,-2.9667511251445773,-3.056012141568939,-3.138173099125641
GTTGAACTGGTTGTT_3,GTTGAACTGGTTGTT,-0.03189993836880126,0.008838758744456205,3,19,41,28,40,-3.6040611286077553,-3.5945165167074418,-3.72942804143257,-3.9053289652078216
GTTGGGCGCTTAAAG_0,GTTGGGCGCTTAAAG,-0.007779787162431669,0.004749035301801479,3,135,304,252,586,-2.7524809610655785,-2.7244267898184233,-2.7751855319932446,-2.7394913405176933
GTTGGGCGCTTAAAG_1,GTTGGGCGCTTAAAG,0.008431671396644396,0.001758562485894699,3,604,1518,1698,4264,-2.1017777909394524,-2.0260286018677154,-1.946648386866855,-1.877571760517268
GTTGGGCGCTTAAAG_2,GTTGGGCGCTTAAAG,0.00652271196247826,0.008068571249605609,3,168,430,386,1120,-2.6575054478347218,-2.5738319178475906,-2.589998768103034,-2.458170933865602
GTTGGGCGCTTAAAG_3,GTTGGGCGCTTAAAG,0.0020609629140738712,0.007082227582427988,3,89,260,245,519,-2.933424722915672,-2.792327025456359,-2.7874199884102566,-2.792221598687326
GTTGGGCGCTTAAAG_4,GTTGGGCGCTTAAAG,-0.003167853909086226,0.014838075121020037,3,66,109,138,329,-3.063270794018716,-3.1698738754865534,-3.0367069863735523,-2.9901930585858096
GTTGGGCGCTTAAAG_5,GTTGGGCGCTTAAAG,0.008379495931250522,0.00294190234057133,3,556,1507,1694,3919,-2.137739937978527,-2.029187121112545,-1.9476726667801008,-1.9142136930576812
GTTGGGCGCTTAAAG_6,GTTGGGCGCTTAAAG,0.012321155533259548,0.013255947405580372,3,30,113,109,238,-3.405693474840922,-3.1542219299437573,-3.1391595748341654,-3.130811999479272
GTTTAGCTTCCGTTG_0,GTTTAGCTTCCGTTG,,,0,5,7,2,1,-4.183844725224565,-4.36220233341292,-4.875556077110808,-5.507388956535784
GTTTAGCTTCCGTTG_1,GTTTAGCTTCCGTTG,-0.08783760551476709,0.0,1,14,14,0,8,-3.7366866938823464,-4.061172337748939,-6.0,-4.60429896954384
GTTTAGCTTCCGTTG_2,GTTTAGCTTCCGTTG,,,0,12,5,1,1,-3.8036334835129595,-4.5083303690911585,-5.176586072774789,-5.507388956535784
GTTTAGCTTCCGTTG_3,GTTTAGCTTCCGTTG,,,0,12,6,1,4,-3.8036334835129595,-4.429149123043533,-5.176586072774789,-4.905328965207821
GTTTAGCTTCCGTTG_4,GTTTAGCTTCCGTTG,-0.10606976119416256,0.0,1,18,15,6,1,-3.627542224457278,-4.031209114371496,-4.398434822391145,-5.507388956535784
GTTTAGCTTCCGTTG_5,GTTTAGCTTCCGTTG,,,0,18,8,4,5,-3.627542224457278,-4.3042103864352335,-4.574526081446827,-4.808418952199765
GTTTAGCTTCCGTTG_6,GTTTAGCTTCCGTTG,,,0,6,6,1,0,-4.104663479176941,-4.429149123043533,-5.176586072774789,-6.0
TAACCTCGCGCTGAG_1,TAACCTCGCGCTGAG,-0.02009421124478081,0.007380321801355784,3,34,78,64,102,-3.3513358125183292,-3.315205770736697,-3.3704060987909017,-3.498788784773866
TAACCTCGCGCTGAG_2,TAACCTCGCGCTGAG,-0.04180421359892895,0.02044611191534058,3,39,50,54,61,-3.291750122534085,-3.508330369091158,-3.44419231295182,-3.722059121525017
TAACCTCGCGCTGAG_3,TAACCTCGCGCTGAG,-0.024201965925579032,0.007664876321751919,3,23,52,39,61,-3.5210868935429915,-3.4912970297923778,-3.5855214657482897,-3.722059121525017
TAATATTGTTTTGCG_1,TAATATTGTTTTGCG,-0.14476921809652224,0.020761379484990832,2,83,63,11,4,-2.9637366371845104,-3.4079598239735955,-4.135193387616564,-4.905328965207821
TAATATTGTTTTGCG_2,TAATATTGTTTTGCG,,,0,1,0,0,0,-4.882814729560584,-6.0,-6.0,-6.0
TAATATTGTTTTGCG_3,TAATATTGTTTTGCG,,,0,1,3,0,0,-4.882814729560584,-4.730179118707515,-6.0,-6.0
TAATATTGTTTTGCG_4,TAATATTGTTTTGCG,,,0,1,1,0,0,-4.882814729560584,-5.207300373427177,-6.0,-6.0
TACACCAATTACACT_0,TACACCAATTACACT,,,0,1,0,0,0,-4.882814729560584,-6.0,-6.0,-6.0
TACACCAATTACACT_1,TACACCAATTACACT,,,0,4,1,0,0,-4.280754738232622,-5.207300373427177,-6.0,-6.0
TACACCAATTACACT_2,TACACCAATTACACT,,,0,3,0,0,0,-4.4056934748409216,-6.0,-6.0,-6.0
TACACCAATTACACT_3,TACACCAATTACACT,,,0,6,0,0,0,-4.104663479176941,-6.0,-6.0,-6.0
TACACCAATTACACT_4,TACACCAATTACACT,,,0,2,0,2,0,-4.581784733896603,-6.0,-4.875556077110808,-6.0
TACACCAATTACACT_5,TACACCAATTACACT,,,0,7,0,0,0,-4.037716689546327,-6.0,-6.0,-6.0
TACACCAATTACACT_6,TACACCAATTACACT,,,0,1,0,0,0,-4.882814729560584,-6.0,-6.0,-6.0
TAGACGGACATCTTC_1,TAGACGGACATCTTC,-0.05085159865159563,0.014381590431471813,3,26,34,16,31,-3.4678413815897664,-3.675821456384922,-3.972466090118864,-4.0160272627015114
TAGACGGACATCTTC_2,TAGACGGACATCTTC,-0.06715101379962272,0.006368108894438842,3,93,99,57,68,-2.9143317810066494,-3.211665178829627,-3.4207112171022973,-3.6748800438295475
TAGACGGACATCTTC_3,TAGACGGACATCTTC,,,0,5,9,8,8,-4.183844725224565,-4.253057863987852,-4.2734960857828455,-4.60429896954384
TATATTGAACTTTAC_0,TATATTGAACTTTAC,-0.0006881951302634432,0.00032493161705503737,3,1855,4463,4383,9961,-1.6144708156095198,-1.5576734865866477,-1.5348146021208295,-1.5090860164372428
TATATTGAACTTTAC_1,TATATTGAACTTTAC,-0.0011327097435219905,0.0008145743318128075,3,1664,3884,3847,8817,-1.6616614076058793,-1.6180211521912098,-1.5914638864679733,-1.5620681157435088
TATATTGAACTTTAC_2,TATATTGAACTTTAC,-0.0035337667952298315,0.0013829238851691824,3,2271,5140,4915,11197,-1.5265975953408493,-1.4963372544319014,-1.4850625506066344,-1.4582872783272267
TATATTGAACTTTAC_3,TATATTGAACTTTAC,-0.001397579643705401,0.0021556090842283072,3,853,2033,1904,4484,-1.9518656983930613,-1.8991629947891384,-1.8969191287263334,-1.8557233526128483
TATATTGAACTTTAC_4,TATATTGAACTTTAC,-9.91302347002048e-06,0.0019087884938383266,3,606,1495,1421,3321,-2.100342105394298,-2.0326591807667285,-2.0239919948473193,-1.9861200809373987
TATATTGAACTTTAC_5,TATATTGAACTTTAC,-0.0032515338097952595,0.004339823558107143,3,434,920,970,2158,-2.245325000048074,-2.2435125460816217,-2.189814338508544,-2.173337516188892
TATATTGAACTTTAC_6,TATATTGAACTTTAC,-0.002398522312786929,0.0017488345590073078,3,1294,2925,2946,6601,-1.7708804532279028,-1.7411745030089778,-1.7073533302681767,-1.6877792237841986
TATGCCCTTCTTCTG_0,TATGCCCTTCTTCTG,-0.009023083410693609,0.0282350078010034,3,66,92,165,276,-3.063270794018716,-3.2435125460816217,-2.9591021285608825,-3.0664798744705664
TATGCCCTTCTTCTG_1,TATGCCCTTCTTCTG,-0.0031907600747268804,0.00385275982296695,3,323,710,752,1609,-2.3736122072294816,-2.3560420247081018,-2.3003682321831467,-2.3008329124367544
TATGCCCTTCTTCTG_2,TATGCCCTTCTTCTG,-0.014144785228554491,0.010023650066872732,3,58,119,84,208,-3.1193867359976473,-3.131753412034646,-3.252306786712907,-3.189325621573022
TATGCCCTTCTTCTG_3,TATGCCCTTCTTCTG,-0.014774596873867868,0.009558268595113632,3,131,220,229,461,-2.76554343390482,-2.864877692604971,-2.816750590434901,-2.8436880311461357
TATGCCCTTCTTCTG_4,TATGCCCTTCTTCTG,0.0016157911093673805,0.013222574037069638,3,61,204,190,351,-3.0974848945498175,-2.8976702060012784,-2.89783247182196,-2.96208184006996
TATGCCCTTCTTCTG_5,TATGCCCTTCTTCTG,-0.01391410380040204,0.028873762706930824,3,18,19,27,65,-3.627542224457278,-3.928546772474348,-3.7452223086158014,-3.6944755998929284
TATGCCCTTCTTCTG_6,TATGCCCTTCTTCTG,0.003859581655119408,0.009196643040367316,3,84,180,232,517,-2.9585354434987026,-2.952027868323871,-2.8110980878838894,-2.793898413441841
TCAAAACGGAGTGTT_0,TCAAAACGGAGTGTT,-0.0076580879579432794,0.000936232618281267,3,272,607,571,1185,-2.4482458255263855,-2.4241116823519193,-2.4199499645289406,-2.4336706061896614
TCAAAACGGAGTGTT_1,TCAAAACGGAGTGTT,0.00025759756521768264,0.0038044227061072478,3,349,916,847,1928,-2.3399893026014045,-2.2454048997593268,-2.248702662444082,-2.222281926968972
TCAAAACGGAGTGTT_2,TCAAAACGGAGTGTT,0.010222257697122846,0.005301263696140454,3,187,476,597,1393,-2.6109731230240856,-2.529693420706684,-2.40061174164542,-2.3634378401118203
TCAAAACGGAGTGTT_3,TCAAAACGGAGTGTT,0.0005230433177772022,0.0015494974349547321,3,2262,5271,5401,12596,-1.528322128971148,-1.4854073572122197,-1.4441118954935954,-1.4071563045712776
TCAAAACGGAGTGTT_4,TCAAAACGGAGTGTT,-0.00020377686410451756,0.0004127487850950455,3,727,1763,1739,3961,-2.0212803187015465,-1.9610480611278551,-1.9362864907720765,-1.909584114131491
TCAAAACGGAGTGTT_5,TCAAAACGGAGTGTT,-0.004263836381910428,0.001997242387179964,3,2075,4805,4388,10009,-1.565796628512473,-1.525606981422613,-1.5343194538721154,-1.5069982672858737
TCAAAACGGAGTGTT_6,TCAAAACGGAGTGTT,0.0007326267186849707,0.0016607637826126411,3,1920,4470,4570,10759,-1.5995135008570347,-1.5569928502952406,-1.5166698727049386,-1.475617049021782
TCAAAGCATGAAAAA_0,TCAAAGCATGAAAAA,-0.04684486916837186,0.0016450893705420926,3,148,222,134,199,-2.712553014165627,-2.8609473989765384,-3.049481274409981,-3.2085358801260773
TCAAAGCATGAAAAA_1,TCAAAGCATGAAAAA,-0.0456098059827665,0.0036882748649460866,3,172,265,154,240,-2.6472862826530354,-2.7840544994903693,-2.9890653519383257,-3.1271777148241777
TCAAAGCATGAAAAA_2,TCAAAGCATGAAAAA,-0.041495583565662415,0.0014965787826891578,3,178,287,193,281,-2.6323947272516905,-2.749418476693185,-2.891028763767015,-3.058682636630704
TCAAAGCATGAAAAA_3,TCAAAGCATGAAAAA,-0.06453369577164549,0.015476344307820416,3,110,114,87,87,-2.8414220444023592,-3.1503955220907045,-3.2370668201561705,-3.5678697039171654
TCAAAGCATGAAAAA_4,TCAAAGCATGAAAAA,-0.05000630197773532,0.017751838507607545,3,157,167,153,192,-2.6869150771513506,-2.984583902279594,-2.99189464195719,-3.2240877278322344
TCAAAGCATGAAAAA_5,TCAAAGCATGAAAAA,-0.062191389243426966,0.01049480504834698,3,165,198,136,140,-2.6653307853466783,-2.910635183165646,-3.0430471644045713,-3.361260920857546
TCAAAGCATGAAAAA_6,TCAAAGCATGAAAAA,-0.040579441443671566,0.013599925056496185,3,53,114,57,86,-3.1585388599597954,-3.1503955220907045,-3.4207112171022973,-3.572890505292216
TCAAATGATGAGGAT_0,TCAAATGATGAGGAT,-0.053709584300574535,0.006769074792047839,3,53,88,47,58,-3.1585388599597954,-3.2628177012770085,-3.5044882148390712,-3.7439609629728468
TCAAATGATGAGGAT_1,TCAAATGATGAGGAT,-0.02907863637631757,0.011056058555267126,3,182,355,203,417,-2.6227433415755095,-2.657072020372083,-2.8690900348615758,-2.8872529015620265
TCAAATGATGAGGAT_2,TCAAATGATGAGGAT,-0.029210276013869663,0.00218465373871082,3,202,383,277,461,-2.5774633601139607,-2.6241015994585544,-2.73410630371034,-2.8436880311461357
TCAAATGATGAGGAT_3,TCAAATGATGAGGAT,-0.029950344509612162,0.005224147147790659,3,237,472,349,529,-2.5080663835504806,-2.5333583747930892,-2.633760645815609,-2.783933284500598
TCAAATGATGAGGAT_4,TCAAATGATGAGGAT,-0.033113945761754415,0.004664146402503012,3,634,1228,823,1287,-2.0807254716788517,-2.118102006622028,-2.261186237562519,-2.397810409631397
TCAAATGATGAGGAT_5,TCAAATGATGAGGAT,-0.03122205964374445,0.009175968952820987,3,101,204,119,217,-2.878493355777942,-2.8976702060012784,-3.101039111382258,-3.1709292226872545
TCAAATGATGAGGAT_6,TCAAATGATGAGGAT,-0.03271139842540116,0.003190641830403571,3,421,773,515,865,-2.2585326337249163,-2.3191208795088523,-2.464778843733598,-2.5703728490709694
TCAACAACCTATGCA_1,TCAACAACCTATGCA,-0.005926194961460607,0.008555551370893219,3,163,395,302,748,-2.6706271251566265,-2.6107032778007166,-2.6965791298176383,-2.6334873586713226
TCAACAACCTATGCA_2,TCAACAACCTATGCA,-0.018543544056951,0.005114651066362661,3,77,137,125,242,-2.9963240043881028,-3.07057980627077,-3.0796760597667325,-3.1235735905553526
TCAACAACCTATGCA_3,TCAACAACCTATGCA,-0.014487263934197784,0.005344478236608772,3,111,259,223,394,-2.837491750773927,-2.7940006093459253,-2.828281209726628,-2.91189273471021
TCAACAACCTATGCA_4,TCAACAACCTATGCA,-0.016198733240137084,0.0067733481001539895,3,242,442,440,816,-2.498999363580153,-2.5618781040780854,-2.5331333962886013,-2.595698797781923
TCAGAGCATTGGCCT_1,TCAGAGCATTGGCCT,,,0,0,0,1,0,-6.0,-6.0,-5.176586072774789,-6.0
TCAGAGCATTGGCCT_2,TCAGAGCATTGGCCT,0.0009898740466695775,0.005361500593444108,3,102,272,241,576,-2.8742145577986666,-2.7727314693929785,-2.7945690301999204,-2.746966473112572
TCAGAGCATTGGCCT_3,TCAGAGCATTGGCCT,0.005117767885224726,0.0038100013418430954,3,1226,3109,3532,7836,-1.7943242593781883,-1.7146796513839853,-1.628565377869258,-1.6132945292130851
TCAGAGCATTGGCCT_4,TCAGAGCATTGGCCT,0.002913086114581135,0.009280055519912449,3,171,338,396,1023,-2.6498186191684305,-2.6783836731495225,-2.5788908868492766,-2.497513322823624
TCATAGGTATCTCGC_0,TCATAGGTATCTCGC,-0.03862798993114934,0.010095932272107744,3,508,786,674,874,-2.1769510172766653,-2.3118778273877694,-2.347926176239469,-2.565877523901381
TCATAGGTATCTCGC_1,TCATAGGTATCTCGC,-0.018543544056951,0.00974427174177246,3,56,99,104,176,-3.134626702554384,-3.211665178829627,-3.1595527334760085,-3.261876288721634
TCATAGGTATCTCGC_2,TCATAGGTATCTCGC,-0.027247979959130038,0.00467395155200411,3,535,1038,834,1295,-2.154460947539356,-2.191103019914738,-2.2554200221370504,-2.3951191881185134
TCATAGGTATCTCGC_3,TCATAGGTATCTCGC,-0.04125832858748239,0.0023511968869943853,3,278,443,307,442,-2.438769933642508,-2.5608966472041077,-2.6894476972976022,-2.861966687186692
TCATAGGTATCTCGC_4,TCATAGGTATCTCGC,-0.03288392153006759,0.002224458207417792,3,318,576,415,650,-2.3803876095761516,-2.446877890003965,-2.5585379760626963,-2.6944755998929284
TCATAGGTATCTCGC_5,TCATAGGTATCTCGC,-0.026122492607713432,0.00469724070660796,3,407,756,640,1019,-2.2732203203353643,-2.3287785779259704,-2.3704060987909017,-2.4992147725293576
TCATAGGTATCTCGC_6,TCATAGGTATCTCGC,-0.027373564798436032,0.005197052804250458,3,192,399,281,463,-2.599513500857035,-2.606327477740429,-2.727879752869709,-2.8418079655178308
TCGATAGAATTTACT_0,TCGATAGAATTTACT,,,0,2,4,0,0,-4.581784733896603,-4.605240382099215,-6.0,-6.0
TCGATAGAATTTACT_1,TCGATAGAATTTACT,-0.0018348335685001386,0.0032451729370299646,3,85,202,211,441,-2.9533958038462917,-2.9019490039805533,-2.852303617477096,-2.8629503670679455
TCGATAGAATTTACT_2,TCGATAGAATTTACT,-0.012711694770997027,0.009276828797923109,3,160,408,291,599,-2.6786947469046596,-2.596640210337297,-2.7126930837888814,-2.7299621341464726
TCGATAGAATTTACT_3,TCGATAGAATTTACT,0.0025066395397478785,0.005737711731388178,3,211,578,608,1247,-2.5585322742628915,-2.445372535006648,-2.392682493502054,-2.4115225030572414
TCGATAGAATTTACT_4,TCGATAGAATTTACT,-0.0010970599069141836,0.00972035171169032,3,138,392,406,732,-2.7429356431593477,-2.6140143064067196,-2.568060039197595,-2.642877875477392
TCGATAGAATTTACT_5,TCGATAGAATTTACT,-0.004693029258228868,0.01955214607706291,3,21,36,55,100,-3.560595434826665,-3.65099787265989,-3.436223383280545,-3.5073889565357836
TCGATAGAATTTACT_6,TCGATAGAATTTACT,0.006677391281028354,0.0131735478009943,3,43,150,125,288,-3.249346273980998,-3.031209114371496,-3.0796760597667325,-3.047996468776553
TCTTGGAGGTGAATG_0,TCTTGGAGGTGAATG,-0.021531215366571703,0.010113686017772969,3,237,366,358,681,-2.5080663835504806,-2.6438192880327662,-2.6227030461309147,-2.6742418446229985
TCTTGGAGGTGAATG_1,TCTTGGAGGTGAATG,-0.019455796837622236,0.0006672841340227218,3,362,729,594,1107,-2.324106159027419,-2.3445728451092025,-2.4027996277935952,-2.4632413356570613
TCTTGGAGGTGAATG_2,TCTTGGAGGTGAATG,-0.01630719740711518,0.0055004860961901285,3,169,394,304,568,-2.6549280249469107,-2.611804151601603,-2.693712489166035,-2.753040620824765
TCTTGGAGGTGAATG_3,TCTTGGAGGTGAATG,-0.01961458666304413,0.0036718385470243587,3,184,340,303,560,-2.6179969065510478,-2.675821456384922,-2.695143444272484,-2.7592009295295834
TCTTGGAGGTGAATG_4,TCTTGGAGGTGAATG,-0.01441559490964374,0.0013985806756142327,3,612,1316,1104,2177,-2.0960633074150232,-2.0880444841492403,-2.133616999381609,-2.1695305274946897
TCTTGGAGGTGAATG_5,TCTTGGAGGTGAATG,-0.019044891347467598,0.0033663472440467906,3,271,500,440,839,-2.4498454386861788,-2.5083303690911585,-2.5331333962886013,-2.5836269957070837
TCTTGGAGGTGAATG_6,TCTTGGAGGTGAATG,-0.01044658465189002,0.0031356834598572593,3,286,616,519,1146,-2.4264486964315415,-2.4177196612627516,-2.461418714926331,-2.4482043389044126
TGATCATCACGGGAC_1,TGATCATCACGGGAC,-0.003775937067490642,0.0008621635280233978,3,19,44,43,93,-3.6040611286077553,-3.56384769694099,-3.5431176171952026,-3.538906007981849
TGATCATCACGGGAC_2,TGATCATCACGGGAC,-0.020094211244780783,0.007861049098572133,3,26,49,48,78,-3.4678413815897664,-3.5171042933986634,-3.4953448353992016,-3.6152943538453033
TGATCATCACGGGAC_3,TGATCATCACGGGAC,,,0,2,1,7,0,-4.581784733896603,-5.207300373427177,-4.331488032760532,-6.0
TGATCATCACGGGAC_4,TGATCATCACGGGAC,-0.026678266355345214,0.004690126947647534,3,411,679,531,1012,-2.2689729076845153,-2.3754305991466755,-2.45149155169332,-2.5022084440320036
TGATCATCACGGGAC_5,TGATCATCACGGGAC,,,0,1,1,11,4,-4.882814729560584,-5.207300373427177,-4.135193387616564,-4.905328965207821
TGATCATCACGGGAC_6,TGATCATCACGGGAC,,,0,8,5,4,0,-3.979724742568641,-4.5083303690911585,-4.574526081446827,-6.0
TGGAGTCTTTGTTGA_1,TGGAGTCTTTGTTGA,,,0,7,20,6,0,-4.037716689546327,-3.906270377763196,-4.398434822391145,-6.0
TGGAGTCTTTGTTGA_2,TGGAGTCTTTGTTGA,-0.03697075910380996,0.0,1,9,14,3,15,-3.9285722201212594,-4.061172337748939,-4.699464818055127,-4.331297697480102
TGGAGTCTTTGTTGA_3,TGGAGTCTTTGTTGA,-0.03675504313816822,0.0,1,12,20,3,9,-3.8036334835129595,-3.906270377763196,-4.699464818055127,-4.553146447096459
TGGAGTCTTTGTTGA_4,TGGAGTCTTTGTTGA,,,0,6,10,7,0,-4.104663479176941,-4.207300373427177,-4.331488032760532,-6.0
TTAATTAGAGGTATG_1,TTAATTAGAGGTATG,,,0,3,3,2,3,-4.4056934748409216,-4.730179118707515,-4.875556077110808,-5.030267701816121
TTAATTGCACTTATG_1,TTAATTGCACTTATG,0.0045613619617138465,0.018605424239384227,3,70,129,118,440,-3.0377166895463277,-3.096710663127928,-3.1047040654686633,-2.8639362800495967
TTAATTGCACTTATG_2,TTAATTGCACTTATG,0.005277519077685973,0.01969365667623987,3,45,155,193,289,-3.2296022157852406,-3.0169686752568854,-2.891028763767015,-3.046491113779236
TTAATTGCACTTATG_3,TTAATTGCACTTATG,0.011756170256133744,0.0026016887386432893,3,20,51,60,156,-3.5817847338966033,-3.4997301973292405,-3.3984348223911454,-3.3142643581813225
TTAATTGCACTTATG_4,TTAATTGCACTTATG,0.01613814587697335,0.0037442507308327205,3,48,146,157,427,-3.201573492184997,-3.04294751764274,-2.980686420365555,-2.87696108151076
TTAATTGCACTTATG_5,TTAATTGCACTTATG,0.01911649785506672,0.006696053893535006,3,44,151,166,428,-3.2393620530743967,-3.0283234261340075,-2.9564779847347338,-2.875945187522612
TTAGTCTTTCCATCA_0,TTAGTCTTTCCATCA,-0.0068869440956018865,0.0034186091135141178,3,338,821,715,1507,-2.3538980292829295,-2.292957216307736,-2.322280030973708,-2.329275704221152
TTAGTCTTTCCATCA_1,TTAGTCTTTCCATCA,-0.005101480586998729,0.0032332947191959782,3,537,1328,1195,2526,-2.1528404438610287,-2.0841022983951785,-2.0992181674906325,-2.104955610316472
TTAGTCTTTCCATCA_2,TTAGTCTTTCCATCA,-0.004120591832990332,0.0020737315164065452,3,784,1767,1777,3798,-1.988498666876146,-1.960063823920413,-1.9268986449694874,-1.9278339961347852
TTAGTCTTTCCATCA_3,TTAGTCTTTCCATCA,-0.010215225642367357,0.001592670185139861,3,1318,2775,2586,5318,-1.7628993193025935,-1.7640373859684821,-1.7639575522304136,-1.7816406235402356
TTAGTCTTTCCATCA_4,TTAGTCTTTCCATCA,-0.00559089495780362,0.003159346907305473,3,628,1323,1298,2911,-2.084855085823388,-2.085740529239676,-2.0633113803104384,-2.043346751096973
TTAGTCTTTCCATCA_5,TTAGTCTTTCCATCA,-0.008330124767441384,0.002330708312002789,3,267,611,529,1140,-2.456303468196009,-2.4212591631846228,-2.453130400739603,-2.4504841051993114
TTAGTCTTTCCATCA_6,TTAGTCTTTCCATCA,-0.012093812230325759,0.011027488993414457,3,145,322,351,553,-2.7214467273256093,-2.699444501731346,-2.631278956308965,-2.764663825231086
TTATATTTATTTGCT_1,TTATATTTATTTGCT,0.00347047217829525,0.017430259032216587,3,12,28,43,73,-3.8036334835129595,-3.760142342084958,-3.5431176171952026,-3.6440660964153277
TTTAACTCACCGTAA_0,TTTAACTCACCGTAA,-0.035857757541570674,0.003590411475819478,3,506,812,617,946,-2.1786642127207854,-2.2977443441860017,-2.386300908741547,-2.5314978201339913
TTTAACTCACCGTAA_1,TTTAACTCACCGTAA,0.020261981810184303,0.0,1,4,8,10,28,-4.280754738232622,-4.3042103864352335,-4.176586072774789,-4.060230925193565
TTTAACTCACCGTAA_2,TTTAACTCACCGTAA,-0.06793036208775825,0.02575575814342614,3,21,39,24,15,-3.560595434826665,-3.6162357664006777,-3.796374831063183,-4.331297697480102
TTTAACTCACCGTAA_3,TTTAACTCACCGTAA,-0.045433077425048235,0.003926408347514251,2,13,21,7,17,-3.7688713772537477,-3.8850810786932577,-4.331488032760532,-4.2769400351575095
TTTAACTCACCGTAA_4,TTTAACTCACCGTAA,,,0,8,7,2,7,-3.979724742568641,-4.36220233341292,-4.875556077110808,-4.662290916521527
TTTAACTCACCGTAA_5,TTTAACTCACCGTAA,-0.054149252829180115,0.006646180670526902,3,25,40,20,27,-3.4848747208885467,-3.6052403820992147,-3.8755560771108075,-4.076025192376797
TTTAACTCACCGTAA_6,TTTAACTCACCGTAA,-0.03145843081046724,0.016004898877871602,3,15,39,23,32,-3.7067234705049033,-3.6162357664006777,-3.814858236757196,-4.002238978215878
TTTATAAATCAATAG_0,TTTATAAATCAATAG,-0.019180912105176983,0.002874673928179181,3,12,25,21,37,-3.8036334835129595,-3.8093603647551393,-3.8543667780408697,-3.9391872324687887
TTTATAAATCAATAG_1,TTTATAAATCAATAG,-0.011709858764896742,0.0016232609399002274,3,514,1060,968,1983,-2.1718516105653087,-2.181994508162407,-2.190710715466395,-2.2100662423304813
TTTATAAATCAATAG_2,TTTATAAATCAATAG,-0.01218696862725172,0.01004696834576629,3,127,212,217,483,-2.7790110086046274,-2.8809645124984256,-2.840126338926259,-2.8234418257842715
TTTATAAATCAATAG_3,TTTATAAATCAATAG,-0.0078046826912851796,0.0028515436683080237,3,320,752,649,1388,-2.3776647512406783,-2.3310825328355347,-2.3643413759744196,-2.3649994904169476
TTTATAAATCAATAG_4,TTTATAAATCAATAG,-0.015881840720774698,0.012708017165786432,3,146,276,317,497,-2.7184618737761475,-2.7663912913619595,-2.6755268105570376,-2.8110325678024517
TTTATAAATCAATAG_5,TTTATAAATCAATAG,-0.0005663630857522192,0.0017556871619635872,3,285,686,703,1536,-2.4279698695520744,-2.370976257720425,-2.329630747754965,-2.3209977408402906
TTTATAAATCAATAG_6,TTTATAAATCAATAG,-0.011373883506713948,0.0054568303268233715,3,68,131,115,265,-3.050305816854348,-3.090029077771413,-3.115888232421177,-3.084143082598976
TTTTGCATTTAGGCG_0,TTTTGCATTTAGGCG,-0.09548631452724043,0.03300608575698926,3,32,33,24,10,-3.3776647512406783,-3.6887864335492897,-3.796374831063183,-4.507388956535784
TTTTGCATTTAGGCG_1,TTTTGCATTTAGGCG,-0.05719873478185024,0.03455703417969306,2,24,20,7,38,-3.5026034878489782,-3.906270377763196,-4.331488032760532,-3.9276053599189735
TTTTGCATTTAGGCG_2,TTTTGCATTTAGGCG,-0.05157758024386799,0.0,1,1,20,6,16,-4.882814729560584,-3.906270377763196,-4.398434822391145,-4.3032689738798595
TTTTGCATTTAGGCG_3,TTTTGCATTTAGGCG,,,0,4,6,9,15,-4.280754738232622,-4.429149123043533,-4.222343563335464,-4.331297697480102
TTTTGCATTTAGGCG_4,TTTTGCATTTAGGCG,-0.018487474517518226,0.03560623772806139,3,27,27,20,85,-3.4514509654015972,-3.77593660926819,-3.8755560771108075,-3.5779700308214912
TTTTGCATTTAGGCG_5,TTTTGCATTTAGGCG,-0.05383360200789149,0.0,1,2,17,3,13,-4.581784733896603,-3.976851452048903,-4.699464818055127,-4.393445604228947
TTTTGCATTTAGGCG_6,TTTTGCATTTAGGCG,-0.0679303620877582,0.020546321565986653,3,14,28,12,10,-3.7366866938823464,-3.760142342084958,-4.097404826727164,-4.507388956535784
