Mut_ID,BC_ID,Gene,T0,T1,T2,T3,T3,Log10_freq_trajectory
101,1019161,in HOS4,260.0,342.0,481.0,1872.0,1872.0,-2.4704274543893043;-2.3988685578908746;-2.3982360586582803;-2.326982120394199;-2.3920755788710353
101,14762,in HOS4,1.0,36.0,39.0,135.0,135.0,-4.885400802360122;-3.376592163179722;-3.4893165280056126;-3.4689541963012793;-3.5262223172661593
101,273131,in HOS4,,,,1.0,1.0,nan;nan;nan;-5.599287964796286;nan
101,329200,in HOS4,5.0,20.0,18.0,91.0,91.0,-4.186430798024103;-3.6318646682830282;-3.8251086299288057;-3.640246572475192;-4.0702903616164345
101,350251,in HOS4,23.0,37.0,64.0,238.0,238.0,-3.5236729663425295;-3.3646929398800145;-3.2742011610482247;-3.2227110077397736;-3.1494716076640596
101,651889,in HOS4,150.0,269.0,335.0,1250.0,1250.0,-2.709309543304441;-2.5031423839446014;-2.5553363279952666;-2.502377951788229;-2.5221057510713267
101,836452,in HOS4,17.0,,21.0,67.0,67.0,-3.6549518809818484;nan;-3.7581618402981927;-3.773213162095459;-3.8070489268418535
101,857281,in HOS4,11.0,,8.0,26.0,26.0,-3.844008117201897;nan;-4.177291148040168;-4.184314616825468;-4.371320357280416
101,919224,in HOS4,,1.0,,,,nan;-4.9328946639470095;nan;nan;nan
101,941234,in HOS4,,,2.0,8.0,8.0,nan;nan;-4.7793511393681305;-4.696197977804342;nan
101,977398,in HOS4,,1.0,1.0,1.0,1.0,nan;-4.9328946639470095;-5.080381135032112;-5.599287964796286;nan
101,980058,in HOS4,73.0,141.0,174.0,740.0,740.0,-3.0220779422396666;-2.78367555129163;-2.8398318867495123;-2.730056245065309;-2.7446378910441216
102,1000914,nearby YSP2,316.0,225.0,374.0,1147.0,1147.0,-2.3857137197417186;-2.5807121458356472;-2.507509532831632;-2.539724546895018;-2.4886061296601905
102,1053825,nearby YSP2,,9.0,6.0,11.0,11.0,nan;-3.9786521545076847;-4.302229884648469;-4.5578952796380605;-4.246381620672116
102,1059514,nearby YSP2,,,3.0,23.0,23.0,nan;nan;-4.603259880312449;-4.237560128778693;-4.371320357280416
102,1090285,nearby YSP2,347.0,442.0,561.0,1818.0,1818.0,-2.3450713275692485;-2.2874723945979176;-2.3314182737759506;-2.339694085910337;-2.327303528296042
102,1105703,nearby YSP2,303.0,364.0,469.0,1627.0,1627.0,-2.4039581738578173;-2.3717932802979536;-2.409208292317029;-2.3879004118594267;-2.4351418479188265
102,111377,nearby YSP2,12.0,13.0,8.0,61.0,61.0,-3.8062195563124974;-3.818951311640173;-4.177291148040168;-3.8139581297855183;-3.8484416120000784
102,1159640,nearby YSP2,2.0,,,,,-4.584370806696141;nan;nan;nan;nan
102,119868,nearby YSP2,197.0,144.0,253.0,760.0,760.0,-2.5909345761985296;-2.7745321718517597;-2.677260613856294;-2.718474372515494;-2.7446378910441216
102,173670,nearby YSP2,44.0,49.0,84.0,261.0,261.0,-3.241948125873935;-3.2426985839184956;-3.15610184897023;-3.1826474574580046;-3.0491010625464967
102,223543,nearby YSP2,401.0,511.0,603.0,2440.0,2440.0,-2.28225642973994;-2.2244737638122967;-2.3000638228919605;-2.2118981384575562;-2.239915578422884
102,25134,nearby YSP2,,3.0,,5.0,5.0,nan;-4.455773409227347;nan;-4.900317960460266;nan
102,285051,nearby YSP2,394.0,546.0,757.0,2535.0,2535.0,-2.2899045805345484;-2.195702021242272;-2.201285255532039;-2.1953100011269306;-2.204988935513891
102,338602,nearby YSP2,22.0,63.0,34.0,137.0,137.0,-3.542978121537916;-3.133554114493428;-3.548902217989857;-3.4625673976398788;-3.450501603328041
102,350832,nearby YSP2,30.0,63.0,62.0,150.0,150.0,-3.40827954764046;-3.133554114493428;-3.2879894455338583;-3.423196705740604;-3.1324382683652794
102,390481,nearby YSP2,18.0,51.0,47.0,93.0,93.0,-3.6301282972568165;-3.225324487849073;-3.4082832770963947;-3.63080501624235;-3.8941991025607536
102,482858,nearby YSP2,6.0,4.0,5.0,47.0,47.0,-4.107249551976479;-4.330834672619047;-4.381411130696093;-3.927190106860568;-4.848441612000078
102,502595,nearby YSP2,,5.0,,,,nan;-4.233924659610991;nan;nan;nan
102,531786,nearby YSP2,71.0,100.0,122.0,387.0,387.0,-3.034142453641047;-2.9328946639470095;-2.994021304357364;-3.011576999777374;-3.1324382683652794
102,542627,nearby YSP2,206.0,211.0,310.0,919.0,919.0,-2.571533581990969;-2.608612208649317;-2.5890194411978396;-2.635972453410174;-2.678179896605121
102,572155,nearby YSP2,162.0,192.0,263.0,1028.0,1028.0,-2.6758857878174913;-2.64959343524346;-2.660425386542354;-2.5872948501370288;-2.5139878608491473
102,592678,nearby YSP2,,,,,,nan;nan;nan;nan;-4.848441612000078
102,599724,nearby YSP2,,1.0,2.0,7.0,7.0,nan;-4.9328946639470095;-4.7793511393681305;-4.754189924782029;nan
102,602383,nearby YSP2,,,4.0,9.0,9.0,nan;nan;-4.478321143704149;-4.645045455356961;nan
102,675158,nearby YSP2,,,,1.0,1.0,nan;nan;nan;-5.599287964796286;nan
102,737238,nearby YSP2,22.0,27.0,32.0,100.0,100.0,-3.542978121537916;-3.501530899788022;-3.575231156712206;-3.5992879647962854;-3.5931691068967724
102,789249,nearby YSP2,,,2.0,,,nan;nan;-4.7793511393681305;nan;-4.848441612000078
102,79392,nearby YSP2,296.0,320.0,302.0,906.0,906.0,-2.414109091301184;-2.4277446856271037;-2.6003741920749612;-2.6421597671194723;-2.7344982596932415
102,804755,nearby YSP2,30.0,36.0,65.0,238.0,238.0,-3.40827954764046;-3.376592163179722;-3.2674677783892565;-3.2227110077397736;-3.401283580657859
102,826373,nearby YSP2,,,,1.0,1.0,nan;nan;nan;-5.599287964796286;nan
102,907791,nearby YSP2,9.0,21.0,11.0,54.0,54.0,-3.9311582929207973;-3.6106753692130904;-4.038988449873887;-3.866894204973317;-3.644321629344154
102,966617,nearby YSP2,152.0,244.0,338.0,884.0,884.0,-2.70355721441535;-2.5455048376082803;-2.551464434754457;-2.6528356997832123;-2.630957667786172
102,996188,nearby YSP2,143.0,167.0,230.0,834.0,834.0,-2.7300647648950607;-2.710178192799426;-2.718653299014519;-2.6781219141585466;-2.6231323302742156
103,137478,in SUM1,56.0,42.0,29.0,90.0,90.0,-3.137212775353922;-3.309645373549109;-3.6179831371331557;-3.6450454553569607;-3.5931691068967724
103,190259,in SUM1,18.0,31.0,21.0,69.0,69.0,-3.6301282972568165;-3.441532970112737;-3.7581618402981927;-3.76043887405903;-3.8941991025607536
103,191055,in SUM1,22.0,14.0,14.0,14.0,14.0,-3.542978121537916;-3.7867666282687713;-3.934253099353874;-4.453159929118048;-4.0033435719858215
103,206829,in SUM1,68.0,81.0,62.0,144.0,144.0,-3.052891889653886;-3.02440964506836;-3.2879894455338583;-3.4409254727010357;-3.5696880110472495
103,500699,in SUM1,,4.0,,,,nan;-4.330834672619047;nan;nan;nan
103,514163,in SUM1,120.0,106.0,62.0,154.0,154.0,-2.8062195563124974;-2.9075887986822395;-3.2879894455338583;-3.4117672439598223;-3.672350352944397
103,554246,in SUM1,195.0,130.0,119.0,327.0,327.0,-2.5953661909976042;-2.8189513116401725;-3.004834173639581;-3.0847402121359995;-3.2686580153832683
103,593245,in SUM1,77.0,77.0,54.0,135.0,135.0,-2.9989100771876407;-3.0464039387745276;-3.3479873752091436;-3.4689541963012793;-3.5931691068967724
103,719112,in SUM1,24.0,4.0,25.0,35.0,35.0,-3.505189560648516;-4.330834672619047;-3.6824411263600743;-4.05521992044601;-4.371320357280416
103,730305,in SUM1,27.0,15.0,12.0,48.0,48.0,-3.454037038201135;-3.756803404891328;-4.0011998889844875;-3.9180467274206983;-4.848441612000078
103,772882,in SUM1,,,,4.0,4.0,nan;nan;nan;-4.997227973468323;nan
103,781820,in SUM1,,5.0,,,,nan;-4.233924659610991;nan;nan;nan
103,909716,in SUM1,72.0,102.0,82.0,260.0,260.0,-3.028068305928854;-2.924294492185092;-3.1665672826483955;-3.1843146168254677;-3.5262223172661593
103,941197,in SUM1,146.0,134.0,150.0,310.0,310.0,-2.7210479465756854;-2.805789865582202;-2.904289875976431;-3.107926270962013;-3.2686580153832683
103,990336,in SUM1,43.0,15.0,23.0,70.0,70.0,-3.251932346780536;-3.756803404891328;-3.718653299014519;-3.7541899247820285;-3.70231357632184
103,99209,in SUM1,13.0,5.0,7.0,10.0,10.0,-3.7714574500532856;-4.233924659610991;-4.235283095017855;-4.599287964796286;nan
104,1025794,in FUN30,24.0,47.0,54.0,208.0,208.0,-3.505189560648516;-3.260796806011292;-3.3479873752091436;-3.281224629833524;-3.5262223172661593
104,1052790,in FUN30,,,3.0,6.0,6.0,nan;nan;-4.603259880312449;-4.821136714412642;nan
104,1068119,in FUN30,283.0,420.0,590.0,2188.0,2188.0,-2.4336143668358323;-2.309645373549109;-2.309529123389968;-2.2592406471348925;-2.2721002617942854
104,1129005,in FUN30,451.0,488.0,782.0,2614.0,2614.0,-2.2312242604821617;-2.244474841944299;-2.187174381972264;-2.18198238155176;-2.2420602468894733
104,200453,in FUN30,,1.0,12.0,20.0,20.0,nan;-4.9328946639470095;-4.0011998889844875;-4.298257969132305;-4.848441612000078
104,218139,in FUN30,335.0,473.0,644.0,2164.0,2164.0,-2.3603559953232773;-2.258033523209198;-2.2714952676722997;-2.2640307083617537;-2.3641417726532925
104,224676,in FUN30,14.0,26.0,40.0,79.0,79.0,-3.7392727666818844;-3.5179213159761917;-3.4783211437041497;-3.701660873505844;-4.0702903616164345
104,254575,in FUN30,164.0,195.0,212.0,771.0,771.0,-2.6705569543124246;-2.6428600525844916;-2.7540452741033605;-2.7122335867453287;-2.7550199268378432
104,354541,in FUN30,,,6.0,30.0,30.0,nan;nan;-4.302229884648469;-4.122166710076623;-4.371320357280416
104,386015,in FUN30,465.0,576.0,943.0,3285.0,3285.0,-2.2179478494701685;-2.1724721805237976;-2.1058694422947837;-2.082752590900486;-2.0895297196021048
104,414286,in FUN30,,,7.0,34.0,34.0,nan;nan;-4.235283095017855;-4.0678090477540305;nan
104,419012,in FUN30,378.0,639.0,813.0,2672.0,2672.0,-2.307909002522897;-2.1273938057886093;-2.1702905894380438;-2.1724515109927776;-2.147737894855059
104,427350,in FUN30,95.0,115.0,153.0,453.0,453.0,-2.9076771970712745;-2.8721968235933977;-2.8956897042145133;-2.9431897627834536;-3.0159326992938422
104,583010,in FUN30,495.0,790.0,1023.0,3402.0,3402.0,-2.1907956034265537;-2.035267572656568;-2.070505501319952;-2.067553655519735;-2.0395557446402663
104,606066,in FUN30,,,,2.0,2.0,nan;nan;nan;-5.298257969132305;nan
104,688052,in FUN30,212.0,336.0,581.0,1678.0,1678.0,-2.559064941431371;-2.4065553865571654;-2.316205002641781;-2.374496008303604;-2.421930350635503
104,696252,in FUN30,85.0,93.0,89.0,386.0,386.0,-2.9559818766458297;-2.9644117153930742;-3.1309911283871994;-3.0127006601245307;-3.140871435902142
104,752498,in FUN30,,1.0,,,,nan;-4.9328946639470095;nan;nan;nan
104,755577,in FUN30,213.0,383.0,741.0,2000.0,2000.0,-2.5570211989213845;-2.3496958899783866;-2.210562927052784;-2.298257969132304;-2.303134495534254
104,786724,in FUN30,837.0,740.0,772.0,1840.0,1840.0,-1.9626753443668623;-2.0636629442160332;-2.192763834696376;-2.334470141786749;-2.5584070006375605
104,828389,in FUN30,271.0,233.0,351.0,1112.0,1112.0,-2.4524315114857167;-2.5655387429209906;-2.535074018566288;-2.5531831775502467;-2.607892363717479
104,836350,in FUN30,,2.0,4.0,20.0,20.0,nan;-4.631864668283028;-4.478321143704149;-4.298257969132305;nan
104,942501,in FUN30,114.0,211.0,365.0,1152.0,1152.0,-2.82849595102365;-2.608612208649317;-2.518088270575637;-2.5378354857090923;-2.571979807826834
105,32105,in EBS1,80.0,62.0,146.0,508.0,508.0,-2.9823108153681788;-3.1405029744487556;-2.916028279247675;-2.893424252512366;-2.658109913829787
105,550039,in EBS1,511.0,637.0,983.0,3923.0,3923.0,-2.1769799022254097;-2.128755231611659;-2.0878276171999763;-2.0056696566667496;-1.9491684246824745
105,644330,in EBS1,73.0,59.0,110.0,454.0,454.0,-3.0220779422396666;-3.1620426523048653;-3.038988449873887;-2.9422321119391817;-2.889400219678985
107,115724,in PDE2,6384.0,4222.0,3822.0,8152.0,8152.0,-1.0803079240174494;-1.3073764349753718;-1.498090452313118;-1.6880237937979155;-1.8256010011235506
107,258346,in PDE2,2.0,6.0,9.0,10.0,10.0,-4.584370806696141;-4.154743413563366;-4.126138625592787;-4.599287964796286;-4.848441612000078
108,1026333,in TRP2,2.0,,,2.0,2.0,-4.584370806696141;nan;nan;-5.298257969132305;nan
108,1071177,in TRP2,9.0,42.0,42.0,104.0,104.0,-3.9311582929207973;-3.309645373549109;-3.4571318446342114;-3.582254625497505;-3.70231357632184
108,1117384,in TRP2,117.0,118.0,121.0,415.0,415.0,-2.817214940613961;-2.861012656640884;-2.997595764715662;-2.981239868084193;-2.9346277596163617
108,1132216,in TRP2,5.0,,6.0,9.0,9.0,-4.186430798024103;nan;-4.302229884648469;-4.645045455356961;-4.848441612000078
108,202017,in TRP2,218.0,249.0,329.0,1057.0,1057.0,-2.5469443087555175;-2.536695316851273;-2.5631852370821377;-2.5752129774888592;-2.630957667786172
108,339291,in TRP2,63.0,68.0,63.0,216.0,216.0,-3.086060252906541;-3.1003857512407733;-3.2810405855785305;-3.2648342136453548;-3.292139111232791
108,350432,in TRP2,,2.0,,6.0,6.0,nan;-4.631864668283028;nan;-4.821136714412642;nan
108,365201,in TRP2,,,1.0,,,nan;nan;-5.080381135032112;nan;nan
108,475652,in TRP2,31.0,4.0,16.0,47.0,47.0,-3.39403910852585;-4.330834672619047;-3.876261152376187;-3.927190106860568;-4.246381620672116
108,505118,in TRP2,190.0,267.0,326.0,1026.0,1026.0,-2.6066472014072932;-2.5063834025824345;-2.567163534964173;-2.588140604020488;-2.585990522269649
108,624985,in TRP2,14.0,2.0,5.0,21.0,21.0,-3.7392727666818844;-4.631864668283028;-4.381411130696093;-4.277068670062366;-4.246381620672116
108,643081,in TRP2,15.0,25.0,13.0,49.0,49.0,-3.709309543304441;-3.534954655274972;-3.9664377827252753;-3.909091884767772;-4.14947160766406
108,652258,in TRP2,,2.0,2.0,,,nan;-4.631864668283028;-4.7793511393681305;nan;nan
108,811948,in TRP2,28.0,23.0,12.0,39.0,39.0,-3.438242771017903;-3.5711668279294164;-4.0011998889844875;-4.008223357769786;-4.246381620672116
108,967648,in TRP2,43.0,80.0,91.0,211.0,211.0,-3.251932346780536;-3.0298046769550657;-3.1213397427110183;-3.275005509498593;-3.0560499225018245
109,427349,nearby SRB2,84.0,36.0,11.0,22.0,22.0,-2.9611215162982405;-3.376592163179722;-4.038988449873887;-4.256865283974079;-4.848441612000078
10,1091443,nearby MET4,,3.0,4.0,6.0,6.0,nan;-4.455773409227347;-4.478321143704149;-4.821136714412642;-4.371320357280416
10,1131405,nearby MET4,,,,3.0,3.0,nan;nan;nan;-5.122166710076623;nan
10,1138072,nearby MET4,262.0,387.0,514.0,1691.0,1691.0,-2.467099511040377;-2.345183698928098;-2.3694180160368363;-2.3711443571985438;-2.4682303702884725
10,200189,nearby MET4,1.0,1.0,,23.0,23.0,-4.885400802360122;-4.9328946639470095;nan;-4.237560128778693;nan
10,238098,nearby MET4,,,,5.0,5.0,nan;nan;nan;-4.900317960460266;nan
10,269615,nearby MET4,177.0,232.0,271.0,1057.0,1057.0,-2.6374275359983157;-2.5674066790561096;-2.6474118441577064;-2.5752129774888592;-2.6637501811824795
10,282864,nearby MET4,170.0,153.0,178.0,601.0,601.0,-2.6549518809818484;-2.7482032331294106;-2.829961132723218;-2.820413492793546;-2.9190226862857855
10,337219,nearby MET4,,,6.0,3.0,3.0,nan;nan;-4.302229884648469;-5.122166710076623;-4.0702903616164345
10,384427,nearby MET4,214.0,219.0,266.0,977.0,977.0,-2.5549870290109316;-2.592450549106891;-2.655499498401045;-2.6093934010775124;-2.6335977639523804
10,400004,nearby MET4,260.0,395.0,605.0,1946.0,1946.0,-2.4704274543893043;-2.3362975683205494;-2.298625760379643;-2.3101451288639523;-2.395123271953041
10,404798,nearby MET4,89.0,111.0,103.0,423.0,423.0,-2.9360107957152097;-2.887571685160352;-3.0675439103269397;-2.972947597421243;-3.070290361616435
10,418917,nearby MET4,160.0,232.0,290.0,813.0,813.0,-2.6812808197041975;-2.5674066790561096;-2.617983137133156;-2.6891974192022174;-2.8356043872949064
10,432841,nearby MET4,,,1.0,6.0,6.0,nan;nan;-5.080381135032112;-4.821136714412642;nan
10,434534,nearby MET4,46.0,69.0,52.0,112.0,112.0,-3.222642970678548;-3.0940455732097543;-3.3643777913973127;-3.550069942126104;-3.4682303702884725
10,439289,nearby MET4,141.0,126.0,206.0,705.0,705.0,-2.7361816897047424;-2.8325241188294465;-2.7665139146629585;-2.7510988478048866;-2.7953631685166584
10,467466,nearby MET4,1.0,,,,,-4.885400802360122;nan;nan;nan;nan
10,491834,nearby MET4,,,,5.0,5.0,nan;nan;nan;-4.900317960460266;nan
10,517743,nearby MET4,2.0,,2.0,5.0,5.0,-4.584370806696141;nan;-4.7793511393681305;-4.900317960460266;nan
10,590598,nearby MET4,235.0,215.0,260.0,953.0,953.0,-2.5143329400883863;-2.600456204031404;-2.665407787061294;-2.620195064157959;-2.652541959590845
10,603433,nearby MET4,550.0,655.0,872.0,3024.0,3024.0,-2.1450381128658784;-2.1166533639552263;-2.1398646500995446;-2.1187061779671166;-2.1434336526667424
10,674857,nearby MET4,18.0,6.0,19.0,59.0,59.0,-3.6301282972568165;-4.154743413563366;-3.801627534079283;-3.828435953154141;-3.7692603659524537
10,704214,nearby MET4,1033.0,1085.0,1413.0,4934.0,4934.0,-1.8713004808405018;-1.8974649257624612;-1.9302389731835534;-1.9060888196425683;-1.8966185766841663
10,729437,nearby MET4,144.0,154.0,210.0,733.0,733.0,-2.7270383102648728;-2.7453739431105464;-2.7581618402981927;-2.7341839901551577;-2.714902703629861
10,893130,nearby MET4,221.0,325.0,352.0,1026.0,1026.0,-2.5410085286750115;-2.421011302968135;-2.533838471553981;-2.588140604020488;-2.5674082447523507
10,894132,nearby MET4,,1.0,,,,nan;-4.9328946639470095;nan;nan;nan
10,971587,nearby MET4,14.0,24.0,49.0,149.0,149.0,-3.7392727666818844;-3.5526834222354036;-3.3901850550035983;-3.4261016963840114;-3.43346826402926
10,990532,nearby MET4,,,,,,nan;nan;nan;nan;-4.848441612000078
110,362434,in SCJ1,1.0,,,,,-4.885400802360122;nan;nan;nan;nan
110,378430,in SCJ1,804.0,880.0,1274.0,3880.0,3880.0,-1.9801447536116712;-1.9884119917968408;-1.9752117070327804;-2.010456239202078;-2.007708377388272
110,729502,in SCJ1,405.0,435.0,643.0,2227.0,2227.0,-2.277945779145454;-2.294405406992372;-2.27217016210789;-2.2515677477622473;-2.249651105236963
110,787113,in SCJ1,184.0,232.0,252.0,831.0,831.0,-2.6205829793505857;-2.5674066790561096;-2.678980594250568;-2.6796869410121746;-2.708562525598842
110,942954,in SCJ1,9.0,1.0,17.0,79.0,79.0,-3.9311582929207973;-4.9328946639470095;-3.849932213653838;-3.701660873505844;-3.8484416120000784
114,1002061,in STE24,,,,1.0,1.0,nan;nan;nan;-5.599287964796286;nan
114,121284,in STE24,1032.0,1284.0,1975.0,5456.0,5456.0,-1.8717211050689297;-1.824329640214175;-1.7848140350696329;-1.862413603147863;-1.8707180067112306
114,228604,in STE24,,1.0,,,,nan;-4.9328946639470095;nan;nan;nan
114,243486,in STE24,4.0,,18.0,17.0,17.0,-4.28334081103216;nan;-3.8251086299288057;-4.368839043418012;-4.246381620672116
114,433107,in STE24,383.0,375.0,504.0,2104.0,2104.0,-2.3022020283914997;-2.3588633962192906;-2.3779505985865868;-2.276242229314584;-2.188525411930228
114,46852,in STE24,,1.0,,,,nan;-4.9328946639470095;nan;nan;nan
114,599215,in STE24,1.0,8.0,6.0,29.0,29.0,-4.885400802360122;-4.029804676955066;-4.302229884648469;-4.136889966897329;-4.848441612000078
114,634609,in STE24,,1.0,10.0,32.0,32.0,nan;-4.9328946639470095;-4.080381135032112;-4.09413798647638;-3.7344982596932415
114,660605,in STE24,1.0,,,1.0,1.0,-4.885400802360122;nan;nan;-5.599287964796286;nan
114,764254,in STE24,,,,1.0,1.0,nan;nan;nan;-5.599287964796286;nan
114,826745,in STE24,454.0,464.0,694.0,2418.0,2418.0,-2.2283449495030183;-2.266376683392129;-2.239021664577257;-2.2158316682715324;-2.168106098585515
114,951455,in STE24,,,1.0,3.0,3.0,nan;nan;-5.080381135032112;-5.122166710076623;nan
114,968928,in STE24,14.0,20.0,20.0,96.0,96.0,-3.7392727666818844;-3.6318646682830282;-3.779351139368131;-3.617016731756717;-3.7344982596932415
114,992230,in STE24,571.0,609.0,867.0,3110.0,3110.0,-2.1287646941142744;-2.1482773713141343;-2.142362037555902;-2.106527575769448;-2.0963931641806397
117,994534,in NOT3,4.0,,,,,-4.28334081103216;nan;nan;nan;nan
119,212168,in CBS1,24.0,,,3.0,3.0,-3.505189560648516;nan;nan;-5.122166710076623;nan
119,363740,in CBS1,,,4.0,7.0,7.0,nan;nan;-4.478321143704149;-4.754189924782029;nan
119,495664,in CBS1,7.0,21.0,26.0,80.0,80.0,-4.040302762345865;-3.6106753692130904;-3.665407787061294;-3.6961979778043417;-3.6179926906218043
119,542448,in CBS1,,,,3.0,3.0,nan;nan;nan;-5.122166710076623;nan
11,1013389,nearby UTP22,251.0,324.0,551.0,1912.0,1912.0,-2.485727080879084;-2.4223496537403975;-2.339229536180327;-2.317800076856204;-2.329927672122191
11,1084716,nearby UTP22,5.0,5.0,41.0,76.0,76.0,-4.186430798024103;-4.233924659610991;-3.4675972783123763;-3.718474372515494;-3.5931691068967724
11,13368,nearby UTP22,232.0,243.0,365.0,1329.0,1329.0,-2.5199128174692227;-2.5472883903486974;-2.518088270575637;-2.4757629838535533;-2.484829632107934
11,283368,nearby UTP22,166.0,198.0,349.0,997.0,997.0,-2.665292714320067;-2.6362294736854786;-2.537555708072932;-2.60059280648463;-2.5766000054635794
11,643003,nearby UTP22,295.0,357.0,452.0,1665.0,1665.0,-2.4155787863819596;-2.3802264478348163;-2.4252427002207297;-2.377873726953947;-2.368434669042928
11,810315,nearby UTP22,,,,,,nan;nan;nan;nan;-4.848441612000078
120,306156,nearby RPL16A,11.0,36.0,37.0,91.0,91.0,-3.844008117201897;-3.376592163179722;-3.5121794109651168;-3.640246572475192;-4.371320357280416
121,1026282,in COG8,,,6.0,15.0,15.0,nan;nan;-4.302229884648469;-4.4231967057406045;nan
121,1092267,in COG8,17.0,42.0,90.0,263.0,263.0,-3.6549518809818484;-3.309645373549109;-3.126138625592787;-3.1793322163065274;-3.246381620672116
121,1144984,in COG8,339.0,296.0,418.0,1316.0,1316.0,-2.3552011041570404;-2.4616029528880707;-2.4592048532570767;-2.480032075518349;-2.470043711051941
121,1145323,in COG8,177.0,160.0,237.0,682.0,682.0,-2.6374275359983157;-2.728774681291085;-2.705632789022008;-2.7655035901398066;-2.772894650607548
121,227610,in COG8,213.0,336.0,394.0,1268.0,1268.0,-2.5570211989213845;-2.4065553865571654;-2.484884913206538;-2.4961687112505717;-2.470043711051941
121,235942,in COG8,164.0,90.0,167.0,573.0,573.0,-2.6705569543124246;-2.9786521545076847;-2.857664663884529;-2.8411333428288956;-3.009592521262823
121,24166,in COG8,8.0,,,7.0,7.0,-3.9823108153681788;nan;nan;-4.754189924782029;-4.848441612000078
121,443359,in COG8,10.0,27.0,39.0,171.0,171.0,-3.8854008023601225;-3.501530899788022;-3.4893165280056126;-3.366291854404132;-3.70231357632184
121,554382,in COG8,7.0,55.0,67.0,202.0,202.0,-4.040302762345865;-3.192531974452766;-3.2543063323312857;-3.2939365953496615;-3.3570799181658058
121,5974,in COG8,203.0,213.0,385.0,1096.0,1096.0,-2.5779047644469095;-2.604515060508272;-2.494920405523611;-2.559477410647935;-2.5221057510713267
121,652768,in COG8,107.0,92.0,143.0,491.0,491.0,-2.856017024674913;-2.9691068366014544;-2.9250450975670503;-2.9082064726733172;-2.9453516250081346
121,66004,in COG8,,,7.0,27.0,27.0,nan;nan;-4.235283095017855;-4.167924200637298;-4.246381620672116
121,865684,in COG8,,,4.0,8.0,8.0,nan;nan;-4.478321143704149;-4.696197977804342;-4.848441612000078
121,881789,in COG8,112.0,129.0,130.0,348.0,348.0,-2.8361827796899406;-2.8223049536477607;-2.9664377827252753;-3.0577087208497047;-2.997183263281003
121,898389,in COG8,1.0,,,,,-4.885400802360122;nan;nan;nan;nan
121,914827,in COG8,,,,1.0,1.0,nan;nan;nan;-5.599287964796286;-4.848441612000078
122,11236,in SIR3,77.0,48.0,45.0,57.0,57.0,-2.9989100771876407;-3.2516534265714223;-3.4271686212567682;-3.843413109123794;-3.9453516250081346
122,163064,in SIR3,234.0,214.0,319.0,721.0,721.0,-2.5161849449499796;-2.6024808905978185;-2.5765904519749308;-2.7413527000768565;-2.8572155363075833
122,17295,in SIR3,3.0,,,2.0,2.0,-4.4082795476404595;nan;nan;-5.298257969132305;nan
122,257871,in SIR3,1428.0,1278.0,2189.0,7270.0,7270.0,-1.7306725949199668;-1.8263638101246282;-1.7401353734641802;-1.7377535539372477;-1.7965176959539717
122,334937,in SIR3,152.0,117.0,106.0,351.0,351.0,-2.70355721441535;-2.864708802200848;-3.055075269767342;-3.0539808483304616;-3.204988935513891
122,576152,in SIR3,427.0,478.0,604.0,1697.0,1697.0,-2.2549729273350985;-2.2534667673348907;-2.2993441964109804;-2.3696061224786096;-2.504049338314968
122,593112,in SIR3,84.0,157.0,211.0,451.0,451.0,-2.9611215162982405;-2.736995011537776;-2.756098679734419;-2.945111422918325;-3.0491010625464967
122,67495,in SIR3,394.0,442.0,528.0,1321.0,1321.0,-2.2899045805345484;-2.2874723945979176;-2.3577472124982997;-2.478385147181758;-2.6497845250456558
122,941995,in SIR3,3.0,8.0,6.0,16.0,16.0,-4.4082795476404595;-4.029804676955066;-4.302229884648469;-4.395167982140361;-4.0702903616164345
123,1019153,nearby SFP1,4.0,,,1.0,1.0,-4.28334081103216;nan;nan;-5.599287964796286;nan
123,108350,nearby SFP1,218.0,262.0,482.0,1812.0,1812.0,-2.5469443087555175;-2.5145933726272642;-2.3973340967932626;-2.341129771455491;-2.3068623680534976
123,11389,nearby SFP1,184.0,205.0,444.0,1108.0,1108.0,-2.6205829793505857;-2.6211408028912553;-2.432998164917492;-2.5547482044038747;-2.5931691068967724
123,206747,nearby SFP1,,,1.0,15.0,15.0,nan;nan;-5.080381135032112;-4.4231967057406045;nan
123,46066,nearby SFP1,15.0,22.0,28.0,162.0,162.0,-3.709309543304441;-3.5904719831248033;-3.6332231036898928;-3.3897729502536547;-3.644321629344154
123,571412,nearby SFP1,,,,1.0,1.0,nan;nan;nan;-5.599287964796286;-4.848441612000078
123,610283,nearby SFP1,26.0,23.0,55.0,237.0,237.0,-3.4704274543893043;-3.5711668279294164;-3.340018445537868;-3.2245396187861814;-3.3570799181658058
123,610576,nearby SFP1,1.0,,,,,-4.885400802360122;nan;nan;nan;nan
123,6450,nearby SFP1,2.0,19.0,44.0,123.0,123.0,-4.584370806696141;-3.6541410629941806;-3.4369284585459243;-3.5093828533568874;-3.5696880110472495
123,672096,nearby SFP1,,,,2.0,2.0,nan;nan;nan;-5.298257969132305;nan
123,902650,nearby SFP1,38.0,51.0,94.0,331.0,331.0,-3.305617205743312;-3.225324487849073;-3.1072532814324134;-3.0794599710205666;-2.99110911556881
123,957013,nearby SFP1,333.0,437.0,780.0,2640.0,2640.0,-2.3629565688538023;-2.2924132269765876;-2.1882865323416314;-2.1776840379264546;-2.094858553107172
124,1080001,nearby NUP157,,,1.0,1.0,1.0,nan;nan;-5.080381135032112;-5.599287964796286;nan
124,193757,nearby NUP157,17.0,12.0,31.0,187.0,187.0,-3.6549518809818484;-3.853713417899385;-3.589019441197839;-3.3274463582597864;-3.195229098224735
124,262655,nearby NUP157,,,,1.0,1.0,nan;nan;nan;-5.599287964796286;nan
124,474116,nearby NUP157,,,1.0,,,nan;nan;-5.080381135032112;nan;nan
124,483600,nearby NUP157,5.0,13.0,30.0,135.0,135.0,-4.186430798024103;-3.818951311640173;-3.6032598803124496;-3.4689541963012793;-3.5696880110472495
124,640543,nearby NUP157,,1.0,2.0,8.0,8.0,nan;-4.9328946639470095;-4.7793511393681305;-4.696197977804342;nan
124,65306,nearby NUP157,8.0,46.0,17.0,76.0,76.0,-3.9823108153681788;-3.2701368322654356;-3.849932213653838;-3.718474372515494;-3.6179926906218043
124,710948,nearby NUP157,199.0,312.0,491.0,1825.0,1825.0,-2.5865477259504157;-2.4387400699285666;-2.3892996429091435;-2.338025096003792;-2.355681222973241
124,715622,nearby NUP157,,1.0,,,,nan;-4.9328946639470095;nan;nan;nan
124,736145,nearby NUP157,,,1.0,,,nan;nan;-5.080381135032112;nan;nan
124,737545,nearby NUP157,191.0,292.0,384.0,1465.0,1465.0,-2.604367435112395;-2.467511812498591;-2.4960499106645813;-2.433450340106157;-2.5324712665431606
124,902201,nearby NUP157,11.0,88.0,129.0,380.0,380.0,-3.844008117201897;-2.988411991796841;-2.969791424732863;-3.0195043681794753;-3.092566756327587
124,923496,nearby NUP157,,,,3.0,3.0,nan;nan;nan;-5.122166710076623;nan
127,1070184,in MPC2,228.0,176.0,219.0,621.0,621.0,-2.5274659553596686;-2.6873819961328596;-2.7399370201919937;-2.8061963646197055;-2.9399565931214284
127,168561,in MPC2,21.0,31.0,15.0,104.0,104.0,-3.563181507626203;-3.441532970112737;-3.904289875976431;-3.582254625497505;-4.371320357280416
127,193710,in MPC2,5.0,13.0,15.0,29.0,29.0,-4.186430798024103;-3.818951311640173;-3.904289875976431;-4.136889966897329;nan
127,42882,in MPC2,49.0,84.0,105.0,213.0,213.0,-3.1952047223316087;-3.008615377885128;-3.059191835962174;-3.270908361357548;-3.3169626949578235
127,48516,in MPC2,42.0,23.0,18.0,81.0,81.0,-3.2621515119622218;-3.5711668279294164;-3.8251086299288057;-3.690802945917636;-3.70231357632184
14,1003682,in DPB4,2.0,4.0,1.0,9.0,9.0,-4.584370806696141;-4.330834672619047;-5.080381135032112;-4.645045455356961;nan
14,305328,in DPB4,3.0,27.0,27.0,72.0,72.0,-4.4082795476404595;-3.501530899788022;-3.649017370873125;-3.741955468365017;-3.5696880110472495
14,3798,in DPB4,2.0,5.0,7.0,45.0,45.0,-4.584370806696141;-4.233924659610991;-4.235283095017855;-3.946075451020942;-3.8941991025607536
14,8172,in DPB4,2.0,15.0,22.0,83.0,83.0,-4.584370806696141;-3.756803404891328;-3.7379584542099056;-3.6802098724202117;-3.7692603659524537
15,1030097,in OCA1,20.0,35.0,47.0,165.0,165.0,-3.5843708066961413;-3.388826619596734;-3.4082832770963947;-3.381804020582379;-3.292139111232791
15,1057498,in OCA1,24.0,48.0,27.0,131.0,131.0,-3.505189560648516;-3.2516534265714223;-3.649017370873125;-3.4820166691405214;-3.7344982596932415
15,256309,in OCA1,,1.0,,,,nan;-4.9328946639470095;nan;nan;nan
15,474433,in OCA1,83.0,75.0,174.0,562.0,562.0,-2.9663227099840483;-3.0578334005553094;-2.8398318867495123;-2.8495516492272244;-2.655317013645617
15,726887,in OCA1,3.0,,2.0,,,-4.4082795476404595;nan;-4.7793511393681305;nan;nan
15,733173,in OCA1,,,,5.0,5.0,nan;nan;nan;-4.900317960460266;nan
15,96897,in OCA1,21.0,6.0,21.0,58.0,58.0,-3.563181507626203;-4.154743413563366;-3.7581618402981927;-3.835859971233348;-3.7344982596932415
16,1095299,"in ADE5,7",14.0,5.0,18.0,46.0,46.0,-3.7392727666818844;-4.233924659610991;-3.8251086299288057;-3.9365301331147116;-3.5931691068967724
16,1098827,"in ADE5,7",,,13.0,23.0,23.0,nan;nan;-3.9664377827252753;-4.237560128778693;-4.14947160766406
16,887481,"in ADE5,7",,1.0,1.0,7.0,7.0,nan;-4.9328946639470095;-5.080381135032112;-4.754189924782029;nan
16,934647,"in ADE5,7",,,1.0,2.0,2.0,nan;nan;-5.080381135032112;-5.298257969132305;-4.547411616336097
17,1120654,nearby KRI1,,,,1.0,1.0,nan;nan;nan;-5.599287964796286;nan
17,1132866,nearby KRI1,37.0,31.0,46.0,92.0,92.0,-3.3171990782931275;-3.441532970112737;-3.417623303350538;-3.6355001374507303;-3.5696880110472495
17,205413,nearby KRI1,18.0,28.0,25.0,72.0,72.0,-3.6301282972568165;-3.48573663260479;-3.6824411263600743;-3.741955468365017;-3.70231357632184
17,235655,nearby KRI1,,,2.0,4.0,4.0,nan;nan;-4.7793511393681305;-4.997227973468323;nan
17,252549,nearby KRI1,42.0,42.0,54.0,188.0,188.0,-3.2621515119622218;-3.309645373549109;-3.3479873752091436;-3.325130115532606;-3.6179926906218043
17,339068,nearby KRI1,143.0,104.0,124.0,473.0,473.0,-2.7300647648950607;-2.9158613246482292;-2.986959449869877;-2.924426824058474;-2.9619508868275966
17,34837,nearby KRI1,76.0,82.0,52.0,187.0,187.0,-3.004587210079331;-3.0190808115632928;-3.3643777913973127;-3.3274463582597864;-3.235657755280343
17,350036,nearby KRI1,3.0,6.0,3.0,9.0,9.0,-4.4082795476404595;-4.154743413563366;-4.603259880312449;-4.645045455356961;-4.547411616336097
17,354279,nearby KRI1,9.0,2.0,4.0,14.0,14.0,-3.9311582929207973;-4.631864668283028;-4.478321143704149;-4.453159929118048;nan
17,354831,nearby KRI1,,,7.0,23.0,23.0,nan;nan;-4.235283095017855;-4.237560128778693;nan
17,424826,nearby KRI1,,4.0,9.0,21.0,21.0,nan;-4.330834672619047;-4.126138625592787;-4.277068670062366;-4.547411616336097
17,447073,nearby KRI1,,5.0,12.0,10.0,10.0,nan;-4.233924659610991;-4.0011998889844875;-4.599287964796286;nan
17,462328,nearby KRI1,125.0,170.0,234.0,650.0,650.0,-2.788490789352066;-2.702445742568736;-2.7111652776219692;-2.7863746081534297;-2.7344982596932415
17,491454,nearby KRI1,38.0,55.0,81.0,264.0,264.0,-3.305617205743312;-3.192531974452766;-3.1718961161534622;-3.1776840379264546;-3.3432916336801726
17,539776,nearby KRI1,63.0,60.0,120.0,356.0,356.0,-3.086060252906541;-3.154743413563366;-3.001199888984487;-3.04783796682341;-3.140871435902142
17,558558,nearby KRI1,73.0,125.0,158.0,484.0,484.0,-3.0220779422396666;-2.8359846509389532;-2.8817240480776896;-2.914442603151873;-2.9089223593814597
17,587373,nearby KRI1,4.0,2.0,18.0,58.0,58.0,-4.28334081103216;-4.631864668283028;-3.8251086299288057;-3.835859971233348;-4.547411616336097
17,603947,nearby KRI1,119.0,102.0,147.0,592.0,592.0,-2.8098538409675915;-2.924294492185092;-2.9130638002839357;-2.826966258073366;-2.9139431607565105
17,624260,nearby KRI1,63.0,46.0,75.0,224.0,224.0,-3.086060252906541;-3.2701368322654356;-3.205319871640412;-3.2490399464621227;-3.450501603328041
17,635730,nearby KRI1,24.0,22.0,36.0,113.0,113.0,-3.505189560648516;-3.5904719831248033;-3.524078634264825;-3.546209521312866;-3.7344982596932415
17,674070,nearby KRI1,101.0,52.0,103.0,328.0,328.0,-2.88107942857748;-3.2168913203122105;-3.0675439103269397;-3.083414121084606;-3.329927672122191
17,714332,nearby KRI1,111.0,152.0,161.0,504.0,504.0,-2.840077823573465;-2.751051076002237;-2.873555259000262;-2.89685742835076;-2.9346277596163617
17,87265,nearby KRI1,207.0,246.0,364.0,940.0,940.0,-2.5694304569032047;-2.5419595568436306;-2.519279751383056;-2.6261601111965867;-2.7181078435050723
17,913890,nearby KRI1,7.0,17.0,22.0,111.0,111.0,-4.040302762345865;-3.7024457425687354;-3.7379584542099056;-3.5539649860096283;-3.7692603659524537
18,1024980,nearby PAH1,11.0,2.0,4.0,29.0,29.0,-3.844008117201897;-4.631864668283028;-4.478321143704149;-4.136889966897329;nan
18,1043234,nearby PAH1,2.0,1.0,7.0,12.0,12.0,-4.584370806696141;-4.9328946639470095;-4.235283095017855;-4.520106718748661;nan
18,1073292,nearby PAH1,403.0,515.0,816.0,2711.0,2711.0,-2.280095756219013;-2.2210874349058187;-2.168690976278251;-2.1661584472157998;-2.1837996364439527
18,1142577,nearby PAH1,129.0,250.0,285.0,1078.0,1078.0,-2.7748110920608733;-2.534954655274972;-2.625536275023602;-2.5666692039455654;-2.595588581020185
18,176650,nearby PAH1,21.0,22.0,25.0,78.0,78.0,-3.563181507626203;-3.5904719831248033;-3.6824411263600743;-3.707193362105805;-3.8484416120000784
18,192545,nearby PAH1,12.0,10.0,16.0,39.0,39.0,-3.8062195563124974;-3.9328946639470095;-3.876261152376187;-4.008223357769786;-4.0033435719858215
18,254253,nearby PAH1,8.0,5.0,19.0,38.0,38.0,-3.9823108153681788;-4.233924659610991;-3.801627534079283;-4.019504368179476;-3.8941991025607536
18,321262,nearby PAH1,,,,3.0,3.0,nan;nan;nan;-5.122166710076623;nan
18,375001,nearby PAH1,165.0,297.0,265.0,744.0,744.0,-2.6679168581462163;-2.460138214629797;-2.6571352610953043;-2.727715029250407;-2.7446378910441216
18,387332,nearby PAH1,7.0,21.0,32.0,107.0,107.0,-4.040302762345865;-3.6106753692130904;-3.575231156712206;-3.5699041871110757;-3.6179926906218043
18,586868,nearby PAH1,32.0,86.0,92.0,248.0,248.0,-3.3802508240402163;-2.998396212703442;-3.1165933076865566;-3.204836283970069;-3.329927672122191
18,600838,nearby PAH1,,,,1.0,1.0,nan;nan;nan;-5.599287964796286;nan
18,689724,nearby PAH1,49.0,45.0,52.0,150.0,150.0,-3.1952047223316087;-3.279682150171666;-3.3643777913973127;-3.423196705740604;-3.3043735676498027
18,779516,nearby PAH1,246.0,284.0,334.0,1041.0,1041.0,-2.494465695256743;-2.479576323899972;-2.5566346682205476;-2.5818372352857493;-2.5452455545795893
18,803185,nearby PAH1,3.0,,2.0,14.0,14.0,-4.4082795476404595;nan;-4.7793511393681305;-4.453159929118048;nan
18,821268,nearby PAH1,81.0,104.0,99.0,399.0,399.0,-2.9769157834814726;-2.9158613246482292;-3.084745940434562;-2.998315069109537;-3.2573770049735793
18,868578,nearby PAH1,10.0,2.0,6.0,21.0,21.0,-3.8854008023601225;-4.631864668283028;-4.302229884648469;-4.277068670062366;-4.0033435719858215
18,969563,nearby PAH1,7.0,15.0,6.0,12.0,12.0,-4.040302762345865;-3.756803404891328;-4.302229884648469;-4.520106718748661;-4.848441612000078
19,1086078,nearby CCW12,108.0,117.0,271.0,1169.0,1169.0,-2.8519770468731727;-2.864708802200848;-2.6474118441577064;-2.531473453634445;-2.5221057510713267
19,547448,nearby CCW12,13.0,29.0,57.0,252.0,252.0,-3.7714574500532856;-3.4704966660480534;-3.3245062793596207;-3.1978874240147412;-3.1324382683652794
19,786308,nearby CCW12,6.0,22.0,44.0,141.0,141.0,-4.107249551976479;-3.5904719831248033;-3.4369284585459243;-3.4500688521409058;-3.5060189311778722
1,1007593,in TRP2,4.0,7.0,,11.0,11.0,-4.28334081103216;-4.087796623932753;nan;-4.5578952796380605;-4.848441612000078
1,1013756,in TRP2,23.0,39.0,67.0,146.0,146.0,-3.5236729663425295;-3.3418300569205104;-3.2543063323312857;-3.4349351090118483;-3.401283580657859
1,1033541,in TRP2,,2.0,1.0,10.0,10.0,nan;-4.631864668283028;-5.080381135032112;-4.599287964796286;nan
1,180379,in TRP2,1.0,,2.0,2.0,2.0,-4.885400802360122;nan;-4.7793511393681305;-5.298257969132305;nan
1,280100,in TRP2,110.0,76.0,129.0,359.0,359.0,-2.844008117201897;-3.052081071666218;-2.969791424732863;-3.0441935162179665;-3.0491010625464967
1,305977,in TRP2,,,,,,nan;nan;nan;nan;-4.547411616336097
1,362950,in TRP2,44.0,35.0,73.0,283.0,283.0,-3.241948125873935;-3.388826619596734;-3.2170582749116563;-3.1475015292719952;-3.167200374624491
1,422978,in TRP2,27.0,23.0,36.0,78.0,78.0,-3.454037038201135;-3.5711668279294164;-3.524078634264825;-3.707193362105805;-3.7344982596932415
1,490225,in TRP2,,1.0,,,,nan;-4.9328946639470095;nan;nan;nan
1,519306,in TRP2,3.0,15.0,29.0,67.0,67.0,-4.4082795476404595;-3.756803404891328;-3.6179831371331557;-3.773213162095459;-4.547411616336097
1,639879,in TRP2,5.0,16.0,23.0,32.0,32.0,-4.186430798024103;-3.728774681291085;-3.718653299014519;-4.09413798647638;-3.8484416120000784
1,727914,in TRP2,,11.0,12.0,24.0,24.0,nan;-3.8915019787887846;-4.0011998889844875;-4.2190767230846795;-4.0702903616164345
1,740503,in TRP2,40.0,30.0,38.0,163.0,163.0,-3.28334081103216;-3.455773409227347;-3.5005975384153016;-3.3871003603923278;-3.547411616336097
1,813396,in TRP2,175.0,213.0,231.0,608.0,608.0,-2.642362753673828;-2.604515060508272;-2.7167691551399678;-2.8153843855235507;-2.76208178132533
1,971509,in TRP2,,1.0,9.0,1.0,1.0,nan;-4.9328946639470095;-4.126138625592787;-5.599287964796286;-4.0702903616164345
21,388954,in RPL26B,,,4.0,1.0,1.0,nan;nan;-4.478321143704149;-5.599287964796286;nan
22,487877,in GPP1,7.0,,1.0,,,-4.040302762345865;nan;-5.080381135032112;nan;nan
23,99068,nearby RPS22A,1.0,2.0,7.0,13.0,13.0,-4.885400802360122;-4.631864668283028;-4.235283095017855;-4.485344612489449;-4.848441612000078
25,1041431,in OXA1,23.0,28.0,16.0,77.0,77.0,-3.5236729663425295;-3.48573663260479;-3.876261152376187;-3.7127972396238036;-3.9453516250081346
25,550837,in OXA1,17.0,18.0,33.0,138.0,138.0,-3.6549518809818484;-3.6776221588437035;-3.5618671951542247;-3.459408878395049;-3.5696880110472495
25,551620,in OXA1,10.0,23.0,19.0,59.0,59.0,-3.8854008023601225;-3.5711668279294164;-3.801627534079283;-3.828435953154141;-4.14947160766406
25,591848,in OXA1,49.0,26.0,78.0,180.0,180.0,-3.1952047223316087;-3.5179213159761917;-3.1882865323416314;-3.3440154596929794;-3.2573770049735793
25,625313,in OXA1,56.0,38.0,37.0,136.0,136.0,-3.137212775353922;-3.3531110673301994;-3.5121794109651168;-3.465749056426068;-3.3860436141011223
25,672497,in OXA1,8.0,,3.0,9.0,9.0,-3.9823108153681788;nan;-4.603259880312449;-4.645045455356961;-4.371320357280416
25,752879,in OXA1,,10.0,4.0,22.0,22.0,nan;-3.9328946639470095;-4.478321143704149;-4.256865283974079;nan
25,860470,in OXA1,76.0,99.0,88.0,335.0,335.0,-3.004587210079331;-2.93725946934946;-3.1358984628819435;-3.0742431577594402;-3.092566756327587
25,971304,in OXA1,,17.0,6.0,29.0,29.0,nan;-3.7024457425687354;-4.302229884648469;-4.136889966897329;-4.246381620672116
25,977363,in OXA1,5.0,13.0,11.0,49.0,49.0,-4.186430798024103;-3.818951311640173;-4.038988449873887;-3.909091884767772;-4.246381620672116
26,1036485,nearby SNF7,7.0,8.0,8.0,28.0,28.0,-4.040302762345865;-4.029804676955066;-4.177291148040168;-4.1521299334540664;-3.9453516250081346
26,244721,nearby SNF7,125.0,241.0,292.0,1156.0,1156.0,-2.788490789352066;-2.550877621372141;-2.614998283583694;-2.536330130711775;-2.5584070006375605
26,319876,nearby SNF7,71.0,128.0,132.0,456.0,456.0,-3.034142453641047;-2.825684694299141;-2.959807203826262;-2.9403231221318507;-3.0288976764582096
26,586781,nearby SNF7,140.0,144.0,192.0,619.0,619.0,-2.7392727666818844;-2.7745321718517597;-2.7970799063285625;-2.8075973157761673;-2.7213368136352707
26,656250,nearby SNF7,238.0,297.0,436.0,1562.0,1562.0,-2.5088238453036102;-2.460138214629797;-2.440894645763526;-2.405606935255004;-2.380094281587921
26,676753,nearby SNF7,74.0,119.0,157.0,522.0,522.0,-3.0161690826291463;-2.857347702554479;-2.884481482622878;-2.8816174617940233;-2.8356043872949064
26,70234,nearby SNF7,396.0,438.0,876.0,2183.0,2183.0,-2.28770561643461;-2.29142055344291;-2.137877028864031;-2.260234229087146;-2.2030193426509865
26,725025,nearby SNF7,3.0,3.0,8.0,27.0,27.0,-4.4082795476404595;-4.455773409227347;-4.177291148040168;-4.167924200637298;-4.547411616336097
26,965932,nearby SNF7,171.0,159.0,200.0,489.0,489.0,-2.6524046919679685;-2.731497539626558;-2.779351139368131;-2.909979105672665;-2.8484416120000784
27,116778,in CSR1,39.0,101.0,87.0,266.0,266.0,-3.294336195333623;-2.928573290164367;-3.1408618824134935;-3.1744063281652184;-3.085013618437141
27,124331,in CSR1,5.0,,2.0,16.0,16.0,-4.186430798024103;nan;-4.7793511393681305;-4.395167982140361;nan
27,174678,in CSR1,6.0,32.0,34.0,90.0,90.0,-4.107249551976479;-3.4277446856271037;-3.548902217989857;-3.6450454553569607;-3.7692603659524537
27,318271,in CSR1,168.0,111.0,148.0,390.0,390.0,-2.6600915206342597;-2.887571685160352;-2.9101194196371547;-3.0082233577697863;-2.9089223593814597
27,376484,in CSR1,3.0,4.0,,4.0,4.0,-4.4082795476404595;-4.330834672619047;nan;-4.997227973468323;-4.848441612000078
27,537006,in CSR1,43.0,40.0,43.0,92.0,92.0,-3.251932346780536;-3.330834672619047;-3.4469126794525256;-3.6355001374507303;-3.3860436141011223
27,598962,in CSR1,138.0,171.0,207.0,560.0,560.0,-2.745521715958886;-2.699898553554856;-2.7644107895751944;-2.851099937790085;-2.950814520709637
27,948255,in CSR1,,,10.0,8.0,8.0,nan;nan;-4.080381135032112;-4.696197977804342;-4.14947160766406
27,974441,in CSR1,,6.0,6.0,6.0,6.0,nan;-4.154743413563366;-4.302229884648469;-4.821136714412642;-4.547411616336097
28,875001,in UBP3,18.0,12.0,1.0,,,-3.6301282972568165;-3.853713417899385;-5.080381135032112;nan;nan
29,1035037,in CPR6,20.0,1.0,7.0,17.0,17.0,-3.5843708066961413;-4.9328946639470095;-4.235283095017855;-4.368839043418012;-4.371320357280416
29,36043,in CPR6,3.0,11.0,7.0,36.0,36.0,-4.4082795476404595;-3.8915019787887846;-4.235283095017855;-4.042985464028998;-3.8484416120000784
29,382743,in CPR6,253.0,329.0,644.0,2792.0,2792.0,-2.4822802811843045;-2.415698765997035;-2.2714952676722997;-2.153372550845162;-2.007708377388272
29,388564,in CPR6,17.0,9.0,34.0,109.0,109.0,-3.6549518809818484;-3.9786521545076847;-3.548902217989857;-3.561861466855662;-3.4682303702884725
29,400533,in CPR6,218.0,355.0,657.0,2843.0,2843.0,-2.5469443087555175;-2.3826663108919153;-2.262815765472331;-2.1455111051058435;-2.121714402973506
29,482580,in CPR6,271.0,252.0,513.0,1981.0,1981.0,-2.4524315114857167;-2.5314941231654653;-2.3702637699202955;-2.3024034892577383;-2.213964341839347
29,505133,in CPR6,33.0,44.0,124.0,344.0,344.0,-3.366886862482235;-3.289441987460822;-2.986959449869877;-3.0627295222247555;-2.7692603659524537
29,523677,in CPR6,,,,1.0,1.0,nan;nan;nan;-5.599287964796286;nan
29,618027,in CPR6,,,1.0,1.0,1.0,nan;nan;-5.080381135032112;-5.599287964796286;-4.848441612000078
29,619576,in CPR6,250.0,500.0,883.0,3537.0,3537.0,-2.4874607936880846;-2.2339246596109907;-2.1344204314545436;-2.050652904981534;-1.994743400223904
29,671659,in CPR6,55.0,92.0,161.0,686.0,686.0,-3.1450381128658784;-2.9691068366014544;-2.873555259000262;-2.762963849089534;-2.7953631685166584
29,69198,in CPR6,29.0,68.0,84.0,410.0,410.0,-3.4230028044611664;-3.1003857512407733;-3.15610184897023;-2.98650410807655;-2.9190226862857855
29,740840,in CPR6,145.0,177.0,359.0,1706.0,1706.0,-2.7240328001251473;-2.684921397585203;-2.525286686453793;-2.3673089379647814;-2.3118831694285484
29,745678,in CPR6,79.0,67.0,189.0,668.0,668.0,-2.987773711069681;-3.106819861246183;-2.803919330858868;-2.7745115023207396;-2.6004683456382716
29,893951,in CPR6,15.0,49.0,68.0,314.0,314.0,-3.709309543304441;-3.2426985839184956;-3.2478722223258756;-3.1023583167230706;-3.009592521262823
29,90877,in CPR6,121.0,167.0,344.0,1147.0,1147.0,-2.8026154320436723;-2.710178192799426;-2.543822692460582;-2.539724546895018;-2.4059618429356298
29,960534,in CPR6,79.0,136.0,242.0,883.0,883.0,-2.987773711069681;-2.799355755576792;-2.6965657690516807;-2.653327261218717;-2.70231357632184
29,987409,in CPR6,4.0,8.0,1.0,35.0,35.0,-4.28334081103216;-4.029804676955066;-5.080381135032112;-4.05521992044601;-4.0702903616164345
2,1014559,nearby KRE6,302.0,328.0,613.0,1922.0,1922.0,-2.4053938594029716;-2.4170208202353303;-2.292920660513697;-2.315534581463759;-2.2744103442723596
2,285850,nearby KRE6,,1.0,1.0,4.0,4.0,nan;-4.9328946639470095;-5.080381135032112;-4.997227973468323;nan
2,602097,nearby KRE6,,13.0,4.0,12.0,12.0,nan;-3.818951311640173;-4.478321143704149;-4.520106718748661;-4.371320357280416
2,612899,nearby KRE6,27.0,56.0,76.0,220.0,220.0,-3.454037038201135;-3.1847066369408092;-3.199567542751321;-3.2568652839740793;-3.371320357280416
2,722867,nearby KRE6,507.0,539.0,919.0,3611.0,3611.0,-2.1803928430267865;-2.2013058987602707;-2.117065623646001;-2.041660476369459;-1.9869072011410405
2,734263,nearby KRE6,35.0,80.0,128.0,556.0,556.0,-3.341332758009847;-3.0298046769550657;-2.9731711653842434;-2.854213173214228;-2.6992224993446987
2,798914,nearby KRE6,43.0,49.0,144.0,456.0,456.0,-3.251932346780536;-3.2426985839184956;-2.9220186429368624;-2.9403231221318507;-2.870718006711231
2,855779,nearby KRE6,229.0,291.0,446.0,1852.0,1852.0,-2.525565320020234;-2.469001674961102;-2.4310462763199703;-2.33164698245037;-2.313147491957308
2,998578,nearby KRE6,265.0,317.0,600.0,2124.0,2124.0,-2.4621549284233146;-2.431835401729258;-2.3022298846484683;-2.272133452386854;-2.22415951616441
30,1103673,in PIH1,22.0,15.0,22.0,58.0,58.0,-3.542978121537916;-3.756803404891328;-3.7379584542099056;-3.835859971233348;-4.371320357280416
30,129587,in PIH1,,,5.0,19.0,19.0,nan;nan;-4.381411130696093;-4.320534363843456;nan
30,236215,in PIH1,72.0,45.0,74.0,145.0,145.0,-3.028068305928854;-3.279682150171666;-3.211149415301136;-3.4379199625613106;-3.5262223172661593
30,611837,in PIH1,,24.0,15.0,14.0,14.0,nan;-3.5526834222354036;-3.904289875976431;-4.453159929118048;-4.246381620672116
30,917388,in PIH1,,,,2.0,2.0,nan;nan;nan;-5.298257969132305;nan
30,92804,in PIH1,,,2.0,,,nan;nan;-4.7793511393681305;nan;nan
33,238221,in BUL1,12.0,13.0,23.0,52.0,52.0,-3.8062195563124974;-3.818951311640173;-3.718653299014519;-3.8832846211614864;-3.7344982596932415
33,623818,in BUL1,13.0,7.0,23.0,57.0,57.0,-3.7714574500532856;-4.087796623932753;-3.718653299014519;-3.843413109123794;-3.6179926906218043
33,905305,in BUL1,,2.0,,,,nan;-4.631864668283028;nan;nan;nan
34,1002639,in PHO4,,6.0,,4.0,4.0,nan;-4.154743413563366;nan;-4.997227973468323;-4.547411616336097
34,290307,in PHO4,75.0,138.0,108.0,377.0,377.0,-3.0103395389684224;-2.793015577545773;-3.0469573795451623;-3.022946614590493;-3.077589600357934
34,678707,in PHO4,1.0,10.0,19.0,50.0,50.0,-4.885400802360122;-3.9328946639470095;-3.801627534079283;-3.9003179604602667;-3.8070489268418535
35,1088477,in RPL31B,104.0,90.0,145.0,601.0,601.0,-2.868367463061342;-2.9786521545076847;-2.919013132797137;-2.820413492793546;-2.751531598992022
35,207726,in RPL31B,,2.0,,5.0,5.0,nan;-4.631864668283028;nan;-4.900317960460266;-4.371320357280416
35,324358,in RPL31B,61.0,106.0,138.0,605.0,605.0,-3.1000709673493554;-2.9075887986822395;-2.9405020486308757;-2.8175325901438164;-2.82725231293014
35,354224,in RPL31B,,,,1.0,1.0,nan;nan;nan;-5.599287964796286;nan
35,427997,in RPL31B,130.0,234.0,44.0,141.0,141.0,-2.7714574500532856;-2.5636788065368665;-3.4369284585459243;-3.4500688521409058;-3.0491010625464967
35,524871,in RPL31B,3.0,5.0,15.0,47.0,47.0,-4.4082795476404595;-4.233924659610991;-3.904289875976431;-3.927190106860568;-3.8941991025607536
35,600735,in RPL31B,279.0,299.0,499.0,1981.0,1981.0,-2.4397965990865247;-2.45722347562258;-2.382280589408722;-2.3024034892577383;-2.323396804963233
35,632019,in RPL31B,335.0,400.0,721.0,2727.0,2727.0,-2.3603559953232773;-2.330834672619047;-2.222445870312683;-2.1636028268546554;-2.0761199052771584
35,704419,in RPL31B,,,,6.0,6.0,nan;nan;nan;-4.821136714412642;-4.0033435719858215
35,817083,in RPL31B,1.0,,,,,-4.885400802360122;nan;nan;nan;nan
35,915402,in RPL31B,246.0,250.0,587.0,2198.0,2198.0,-2.494465695256743;-2.534954655274972;-2.3117430337844973;-2.2572602767088137;-2.2272653302250434
35,973193,in RPL31B,60.0,81.0,123.0,451.0,451.0,-3.1072495519764787;-3.02440964506836;-2.990476023592714;-2.945111422918325;-2.78398362277316
39,285026,in MAC1,3.0,,,,,-4.4082795476404595;nan;nan;nan;nan
39,542245,in MAC1,,,,1.0,1.0,nan;nan;nan;-5.599287964796286;nan
3,133898,in EAF1,,4.0,,2.0,2.0,nan;-4.330834672619047;nan;-5.298257969132305;nan
3,410569,in EAF1,1.0,25.0,13.0,48.0,48.0,-4.885400802360122;-3.534954655274972;-3.9664377827252753;-3.9180467274206983;-3.6179926906218043
3,413724,in EAF1,107.0,89.0,141.0,383.0,383.0,-2.856017024674913;-2.9835046573020967;-2.931162022376732;-3.0160891908276626;-2.979209892269102
40,694477,nearby YOL085W-A,,1.0,,,,nan;-4.9328946639470095;nan;nan;nan
40,892431,nearby YOL085W-A,1.0,,,,,-4.885400802360122;nan;nan;nan;nan
43,180366,in VAM6,,,2.0,7.0,7.0,nan;nan;-4.7793511393681305;-4.754189924782029;nan
43,187645,in VAM6,,1.0,,,,nan;-4.9328946639470095;nan;nan;nan
43,254895,in VAM6,19.0,23.0,14.0,52.0,52.0,-3.6066472014072932;-3.5711668279294164;-3.934253099353874;-3.8832846211614864;-4.371320357280416
43,91496,in VAM6,20.0,7.0,15.0,54.0,54.0,-3.5843708066961413;-4.087796623932753;-3.904289875976431;-3.866894204973317;-3.9453516250081346
43,929774,in VAM6,134.0,119.0,154.0,320.0,320.0,-2.758296003995315;-2.857347702554479;-2.892860414195649;-3.0941379864763796;-3.167200374624491
44,1008306,in NOP16,321.0,408.0,513.0,1822.0,1822.0,-2.37889576995525;-2.3222345008571295;-2.3702637699202955;-2.338739592159306;-2.3875437692435306
44,1105334,in NOP16,477.0,608.0,965.0,3532.0,3532.0,-2.2068824233200086;-2.1489910846742744;-2.0958538216883196;-2.0512672698907544;-2.036866606129485
44,1111917,in NOP16,315.0,421.0,893.0,2412.0,2412.0,-2.3870902485705217;-2.308612568111341;-2.1295296761435654;-2.2169106613281717;-2.2641103876325475
44,1158486,in NOP16,6.0,,2.0,19.0,19.0,-4.107249551976479;nan;-4.7793511393681305;-4.320534363843456;-4.246381620672116
44,241847,in NOP16,29.0,67.0,73.0,247.0,247.0,-3.4230028044611664;-3.106819861246183;-3.2170582749116563;-3.2065910115366196;-3.235657755280343
44,243053,in NOP16,,,3.0,4.0,4.0,nan;nan;-4.603259880312449;-4.997227973468323;-4.246381620672116
44,418170,in NOP16,152.0,226.0,262.0,1049.0,1049.0,-2.70355721441535;-2.5787862247996087;-2.6620798437123665;-2.5785124766027274;-2.5766000054635794
44,432361,in NOP16,19.0,11.0,17.0,5.0,5.0,-3.6066472014072932;-3.8915019787887846;-3.849932213653838;-4.900317960460266;-4.848441612000078
44,47457,in NOP16,331.0,320.0,557.0,1875.0,1875.0,-2.3655728085844037;-2.4277446856271037;-2.3345259398583833;-2.326286692732548;-2.3169626949578235
44,548415,in NOP16,56.0,136.0,155.0,583.0,583.0,-3.137212775353922;-2.799355755576792;-2.8900494368618204;-2.8336194100372714;-2.6900791199048286
44,558984,in NOP16,542.0,541.0,908.0,2939.0,2939.0,-2.1514015158217354;-2.1996973988404402;-2.1222952865110267;-2.131088378723673;-2.1837996364439527
44,622641,in NOP16,85.0,148.0,204.0,801.0,801.0,-2.9559818766458297;-2.762632948552052;-2.7707509676062134;-2.695655448712048;-2.672350352944397
44,627229,in NOP16,433.0,548.0,853.0,2635.0,2635.0,-2.248912906006757;-2.1941141054626403;-2.149432103864589;-2.17850734524772;-2.171748002375212
44,651349,in NOP16,502.0,526.0,1000.0,2745.0,2745.0,-2.184697085215103;-2.2119089197932706;-2.080381135032112;-2.160745616010175;-2.1332742541516203
44,750852,in NOP16,103.0,90.0,144.0,560.0,560.0,-2.87256357765495;-2.9786521545076847;-2.9220186429368624;-2.851099937790085;-2.7378519017008296
44,852521,in NOP16,61.0,68.0,92.0,371.0,371.0,-3.1000709673493554;-3.1003857512407733;-3.1165933076865566;-3.02991405518124;-3.0033435719858215
44,923604,in NOP16,99.0,159.0,136.0,603.0,603.0,-2.8897656077625724;-2.731497539626558;-2.9468422266618943;-2.8189706526561342;-2.9293635196240047
46,307551,in SSK1,,9.0,2.0,4.0,4.0,nan;-3.9786521545076847;-4.7793511393681305;-4.997227973468323;nan
46,388389,in SSK1,,1.0,,,,nan;-4.9328946639470095;nan;nan;nan
46,517867,in SSK1,,1.0,,,,nan;-4.9328946639470095;nan;nan;nan
46,873644,in SSK1,1740.0,1170.0,520.0,1379.0,1379.0,-1.6448515540775226;-1.8647088022008478;-2.3643777913973127;-2.4597236986204356;-2.7802557502539167
49,163692,nearby NUP188,,,,2.0,2.0,nan;nan;nan;-5.298257969132305;nan
49,680801,nearby NUP188,44.0,34.0,30.0,20.0,20.0,-3.241948125873935;-3.4014157469047546;-3.6032598803124496;-4.298257969132305;nan
49,755661,nearby NUP188,43.0,51.0,15.0,40.0,40.0,-3.251932346780536;-3.225324487849073;-3.904289875976431;-3.997227973468323;-4.246381620672116
49,854111,nearby NUP188,83.0,83.0,52.0,78.0,78.0,-2.9663227099840483;-3.0138165715709357;-3.3643777913973127;-3.707193362105805;-4.0033435719858215
50,1004651,in SIR4,27.0,73.0,76.0,200.0,200.0,-3.454037038201135;-3.0695718038265536;-3.199567542751321;-3.298257969132304;-3.450501603328041
50,1146222,in SIR4,600.0,854.0,784.0,2054.0,2054.0,-2.1072495519764787;-2.0014367932580046;-2.1860650723476733;-2.2866875255350263;-2.3786195960219154
51,1106795,nearby FIT2,223.0,233.0,292.0,1099.0,1099.0,-2.537095939311962;-2.5655387429209906;-2.614998283583694;-2.558290272372795;-2.571979807826834
51,214033,nearby FIT2,25.0,22.0,59.0,249.0,249.0,-3.4874607936880846;-3.5904719831248033;-3.309529123389968;-3.203088617700549;-3.0560499225018245
51,418662,nearby FIT2,,,1.0,1.0,1.0,nan;nan;-5.080381135032112;-5.599287964796286;nan
51,520383,nearby FIT2,,,,1.0,1.0,nan;nan;nan;-5.599287964796286;nan
51,66880,nearby FIT2,,,,3.0,3.0,nan;nan;nan;-5.122166710076623;nan
51,869513,nearby FIT2,23.0,16.0,39.0,179.0,179.0,-3.5236729663425295;-3.728774681291085;-3.4893165280056126;-3.346434933816392;-3.5060189311778722
51,976401,nearby FIT2,4.0,12.0,3.0,17.0,17.0,-4.28334081103216;-3.853713417899385;-4.603259880312449;-4.368839043418012;-4.547411616336097
52,1120813,in MSL1,,,,3.0,3.0,nan;nan;nan;-5.122166710076623;nan
52,1157029,in MSL1,51.0,25.0,42.0,96.0,96.0,-3.177830626262186;-3.534954655274972;-3.4571318446342114;-3.617016731756717;-3.5931691068967724
52,432146,in MSL1,27.0,27.0,52.0,139.0,139.0,-3.454037038201135;-3.501530899788022;-3.3643777913973127;-3.4562731645421905;-3.8070489268418535
52,578654,in MSL1,47.0,50.0,86.0,146.0,146.0,-3.213302944424405;-3.2339246596109907;-3.1458826837885443;-3.4349351090118483;-3.401283580657859
52,86073,in MSL1,,1.0,5.0,4.0,4.0,nan;-4.9328946639470095;-4.381411130696093;-4.997227973468323;nan
53,345485,in UME6,5.0,,1.0,,,-4.186430798024103;nan;-5.080381135032112;nan;-4.246381620672116
53,475529,in UME6,,2.0,,,,nan;-4.631864668283028;nan;nan;nan
53,715832,in UME6,,,,17.0,17.0,nan;nan;nan;-4.368839043418012;-4.547411616336097
53,723993,in UME6,,,,1.0,1.0,nan;nan;nan;-5.599287964796286;nan
55,1008320,in LAT1,15.0,7.0,20.0,47.0,47.0,-3.709309543304441;-4.087796623932753;-3.779351139368131;-3.927190106860568;-4.547411616336097
55,301711,in LAT1,8.0,8.0,29.0,63.0,63.0,-3.9823108153681788;-4.029804676955066;-3.6179831371331557;-3.7999474153427037;-3.7692603659524537
55,322710,in LAT1,64.0,56.0,48.0,155.0,155.0,-3.079220828376235;-3.1847066369408092;-3.3991398976565246;-3.408956266625994;-3.2686580153832683
55,350957,in LAT1,5.0,17.0,17.0,68.0,68.0,-4.186430798024103;-3.7024457425687354;-3.849932213653838;-3.7667790520900493;-3.9453516250081346
55,442153,in LAT1,30.0,35.0,31.0,75.0,75.0,-3.40827954764046;-3.388826619596734;-3.589019441197839;-3.7242267014045853;-3.7692603659524537
55,618167,in LAT1,,1.0,,,,nan;-4.9328946639470095;nan;nan;nan
55,818606,in LAT1,35.0,20.0,36.0,70.0,70.0,-3.341332758009847;-3.6318646682830282;-3.524078634264825;-3.7541899247820285;-4.0702903616164345
55,914358,in LAT1,24.0,14.0,38.0,54.0,54.0,-3.505189560648516;-3.7867666282687713;-3.5005975384153016;-3.866894204973317;-3.8941991025607536
58,1042447,in KAP123,,,2.0,4.0,4.0,nan;nan;-4.7793511393681305;-4.997227973468323;nan
58,1124098,in KAP123,54.0,122.0,260.0,1151.0,1151.0,-3.153007042537154;-2.846534833272261;-2.665407787061294;-2.538212641166494;-2.6335977639523804
58,1140173,in KAP123,,,,1.0,1.0,nan;nan;nan;-5.599287964796286;nan
58,171921,in KAP123,72.0,57.0,132.0,550.0,550.0,-3.028068305928854;-3.177019808274518;-2.959807203826262;-2.8589252753020418;-2.9346277596163617
58,237296,in KAP123,1.0,,,,,-4.885400802360122;nan;nan;nan;nan
58,250864,in KAP123,118.0,174.0,314.0,1112.0,1112.0,-2.813518795053997;-2.69234541566441;-2.583451486958897;-2.5531831775502467;-2.605403563313784
58,429266,in KAP123,6.0,8.0,8.0,22.0,22.0,-4.107249551976479;-4.029804676955066;-4.177291148040168;-4.256865283974079;-4.0702903616164345
58,558776,in KAP123,161.0,247.0,185.0,1027.0,1027.0,-2.6785749263282725;-2.5401977106873437;-2.813209406629098;-2.587717521199007;-2.7446378910441216
58,718549,in KAP123,9.0,,,,,-3.9311582929207973;nan;nan;nan;nan
58,765817,in KAP123,146.0,207.0,322.0,1181.0,1181.0,-2.7210479465756854;-2.6169243184900917;-2.572525263336281;-2.5270380671827706;-2.5606398820698524
58,820324,in KAP123,76.0,152.0,255.0,810.0,810.0,-3.004587210079331;-2.751051076002237;-2.6738409545981567;-2.690802945917636;-2.6637501811824795
58,851498,in KAP123,157.0,201.0,235.0,457.0,457.0,-2.6895011499508885;-2.6296986065265204;-2.709313272760376;-2.9393717647264355;-3.0631117769893113
58,860725,in KAP123,,,,1.0,1.0,nan;nan;nan;-5.599287964796286;nan
58,997031,in KAP123,,,1.0,,,nan;nan;-5.080381135032112;nan;nan
59,1127587,in RRP46,,,,6.0,6.0,nan;nan;nan;-4.821136714412642;nan
59,507417,in RRP46,,4.0,2.0,,,nan;-4.330834672619047;-4.7793511393681305;nan;nan
5,1095824,in VPS38,123.0,78.0,69.0,198.0,198.0,-2.7954956909207245;-3.040800061256529;-3.2415320442948565;-3.3026227745347545;-3.246381620672116
5,223868,in VPS38,103.0,47.0,63.0,115.0,115.0,-2.87256357765495;-3.260796806011292;-3.2810405855785305;-3.5385901244426736;-3.672350352944397
5,514288,in VPS38,15.0,26.0,8.0,31.0,31.0,-3.709309543304441;-3.5179213159761917;-4.177291148040168;-4.107926270962013;-4.14947160766406
60,1018437,in RPL35B,,5.0,,17.0,17.0,nan;-4.233924659610991;nan;-4.368839043418012;-4.848441612000078
60,1086493,in RPL35B,,,1.0,6.0,6.0,nan;nan;-5.080381135032112;-4.821136714412642;nan
60,360720,in RPL35B,,,1.0,9.0,9.0,nan;nan;-5.080381135032112;-4.645045455356961;-4.547411616336097
60,468873,in RPL35B,57.0,80.0,77.0,426.0,426.0,-3.129525946687631;-3.0298046769550657;-3.1938904098596304;-2.9698783656935666;-2.9733803486083783
60,49445,in RPL35B,211.0,211.0,402.0,1692.0,1692.0,-2.56111834706243;-2.608612208649317;-2.476155081947642;-2.3708876060932806;-2.2314412708791793
60,608819,in RPL35B,133.0,195.0,299.0,1126.0,1126.0,-2.7615491613930367;-2.6428600525844916;-2.604709946707682;-2.547749574280958;-2.440201646688229
60,714095,in RPL35B,1.0,6.0,5.0,16.0,16.0,-4.885400802360122;-4.154743413563366;-4.381411130696093;-4.395167982140361;-4.371320357280416
60,735662,in RPL35B,22.0,79.0,128.0,421.0,421.0,-3.542978121537916;-3.035267572656568;-2.9731711653842434;-2.975005868960617;-2.967628019719287
60,979973,in RPL35B,257.0,461.0,693.0,2699.0,2699.0,-2.475467679028828;-2.2691937385573615;-2.239647900420305;-2.1680850802397686;-2.1332742541516203
61,1043847,in GET2,11.0,1.0,4.0,,,-3.844008117201897;-4.9328946639470095;-4.478321143704149;nan;nan
61,809736,in GET2,7.0,,3.0,,,-4.040302762345865;nan;-4.603259880312449;nan;nan
62,1020231,in RGS2,,,,,,nan;nan;nan;nan;-4.848441612000078
62,1123647,in RGS2,,4.0,,,,nan;-4.330834672619047;nan;nan;nan
62,297273,in RGS2,5.0,13.0,12.0,31.0,31.0,-4.186430798024103;-3.818951311640173;-4.0011998889844875;-4.107926270962013;-4.848441612000078
62,435914,in RGS2,3.0,,5.0,17.0,17.0,-4.4082795476404595;nan;-4.381411130696093;-4.368839043418012;nan
62,610152,in RGS2,2859.0,2961.0,4363.0,13161.0,13161.0,-1.4291866470021335;-1.4614562565577103;-1.440595922045292;-1.4799990756716779;-1.5855161426682467
62,812870,in RGS2,2031.0,1695.0,2305.0,7112.0,7112.0,-1.5776908789553157;-1.7037249614079086;-1.717710205306445;-1.7472962168341282;-1.7750899096131774
62,872485,in RGS2,,,,1.0,1.0,nan;nan;nan;-5.599287964796286;nan
63,248023,in SLX8,7.0,31.0,20.0,59.0,59.0,-4.040302762345865;-3.441532970112737;-3.779351139368131;-3.828435953154141;-4.0702903616164345
63,692579,in SLX8,,,,3.0,3.0,nan;nan;nan;-5.122166710076623;nan
63,848861,in SLX8,40.0,50.0,33.0,34.0,34.0,-3.28334081103216;-3.2339246596109907;-3.5618671951542247;-4.0678090477540305;-4.246381620672116
63,896899,in SLX8,30.0,82.0,104.0,197.0,197.0,-3.40827954764046;-3.0190808115632928;-3.0633477957333315;-3.3048217386346925;-3.2573770049735793
63,900150,in SLX8,28.0,23.0,48.0,86.0,86.0,-3.438242771017903;-3.5711668279294164;-3.3991398976565246;-3.6647895135527175;-4.14947160766406
66,1129433,in PPM1,11.0,28.0,56.0,233.0,233.0,-3.844008117201897;-3.48573663260479;-3.3321931080259115;-3.2319320437702665;-3.2802398879330834
66,153693,in PPM1,,,,1.0,1.0,nan;nan;nan;-5.599287964796286;nan
66,161131,in PPM1,25.0,47.0,44.0,227.0,227.0,-3.4874607936880846;-3.260796806011292;-3.4369284585459243;-3.243262107603163;-3.0631117769893113
66,192100,in PPM1,,,,3.0,3.0,nan;nan;nan;-5.122166710076623;-4.14947160766406
66,243927,in PPM1,22.0,49.0,57.0,373.0,373.0,-3.542978121537916;-3.2426985839184956;-3.3245062793596207;-3.027579132987598;-3.0491010625464967
66,294829,in PPM1,15.0,21.0,53.0,191.0,191.0,-3.709309543304441;-3.6106753692130904;-3.356105265431323;-3.318254597548558;-3.292139111232791
66,347353,in PPM1,,,2.0,17.0,17.0,nan;nan;-4.7793511393681305;-4.368839043418012;-4.848441612000078
66,416249,in PPM1,6.0,1.0,8.0,16.0,16.0,-4.107249551976479;-4.9328946639470095;-4.177291148040168;-4.395167982140361;-4.371320357280416
66,420464,in PPM1,16.0,20.0,25.0,111.0,111.0,-3.6812808197041975;-3.6318646682830282;-3.6824411263600743;-3.5539649860096283;-3.401283580657859
66,454558,in PPM1,,3.0,2.0,1.0,1.0,nan;-4.455773409227347;-4.7793511393681305;-5.599287964796286;nan
66,524611,in PPM1,20.0,5.0,50.0,141.0,141.0,-3.5843708066961413;-4.233924659610991;-3.381411130696093;-3.4500688521409058;-3.2802398879330834
66,539796,in PPM1,21.0,17.0,25.0,154.0,154.0,-3.563181507626203;-3.7024457425687354;-3.6824411263600743;-3.4117672439598223;-3.1241657423992892
66,70685,in PPM1,,5.0,1.0,20.0,20.0,nan;-4.233924659610991;-5.080381135032112;-4.298257969132305;-4.371320357280416
66,916340,in PPM1,7.0,10.0,14.0,29.0,29.0,-4.040302762345865;-3.9328946639470095;-3.934253099353874;-4.136889966897329;-3.9453516250081346
66,962910,in PPM1,27.0,39.0,104.0,498.0,498.0,-3.454037038201135;-3.3418300569205104;-3.0633477957333315;-2.902058622036568;-2.82725231293014
66,983702,in PPM1,13.0,,1.0,4.0,4.0,-3.7714574500532856;nan;-5.080381135032112;-4.997227973468323;nan
67,628909,in PTR3,,11.0,,1.0,1.0,nan;-3.8915019787887846;nan;-5.599287964796286;nan
67,826796,in PTR3,,1.0,,,,nan;-4.9328946639470095;nan;nan;nan
68,1147532,nearby OST4,,6.0,3.0,14.0,14.0,nan;-4.154743413563366;-4.603259880312449;-4.453159929118048;-4.848441612000078
68,1151260,nearby OST4,116.0,147.0,387.0,2108.0,2108.0,-2.820942813133204;-2.7655773291988335;-2.492670170013201;-2.2754173582557766;-2.2573770049735793
68,165891,nearby OST4,11.0,43.0,95.0,436.0,436.0,-3.844008117201897;-3.299426208367423;-3.102657529743264;-2.9598014755276996;-2.9139431607565105
68,329937,nearby OST4,300.0,437.0,876.0,3683.0,3683.0,-2.40827954764046;-2.2924132269765876;-2.137877028864031;-2.0330862459413725;-1.901498341302253
68,346870,nearby OST4,,,,1.0,1.0,nan;nan;nan;-5.599287964796286;-4.848441612000078
68,466744,nearby OST4,244.0,265.0,698.0,3163.0,3163.0,-2.498010976021393;-2.5096487900102016;-2.236525712408951;-2.0991887728805625;-1.9893033147055477
68,62852,nearby OST4,64.0,48.0,119.0,644.0,644.0,-3.079220828376235;-3.2516534265714223;-3.004834173639581;-2.7904020974364734;-2.658109913829787
68,700345,nearby OST4,337.0,488.0,787.0,3873.0,3873.0,-2.357770901488784;-2.244474841944299;-2.1844064026730474;-2.011240467810203;-1.9000286462214773
68,764720,nearby OST4,15.0,36.0,72.0,381.0,381.0,-3.709309543304441;-3.376592163179722;-3.2230486386008437;-3.018362989120666;-2.8753137584003796
68,769114,nearby OST4,302.0,174.0,86.0,153.0,153.0,-2.4053938594029716;-2.69234541566441;-3.1458826837885443;-3.4145965339786866;-3.7692603659524537
68,965437,nearby OST4,98.0,148.0,234.0,1187.0,1187.0,-2.8941747266676274;-2.762632948552052;-2.7111652776219692;-2.5248372458416943;-2.3432916336801726
69,1081998,in BRR1,,,,1.0,1.0,nan;nan;nan;-5.599287964796286;nan
69,623393,in BRR1,,,,9.0,9.0,nan;nan;nan;-4.645045455356961;nan
69,743417,in BRR1,7.0,2.0,5.0,21.0,21.0,-4.040302762345865;-4.631864668283028;-4.381411130696093;-4.277068670062366;-3.9453516250081346
6,1062755,nearby MET2,306.0,322.0,469.0,1522.0,1522.0,-2.3996793758785424;-2.4250387922511787;-2.409208292317029;-2.4168733123617314;-2.4682303702884725
6,151677,nearby MET2,9.0,6.0,1.0,7.0,7.0,-3.9311582929207973;-4.154743413563366;-5.080381135032112;-4.754189924782029;nan
6,183652,nearby MET2,488.0,618.0,961.0,3047.0,3047.0,-2.1969809803574116;-2.1419061888581936;-2.0976577473635665;-2.115415510573612;-2.1168528468133396
6,307963,nearby MET2,41.0,73.0,82.0,335.0,335.0,-3.2726169456403866;-3.0695718038265536;-3.1665672826483955;-3.0742431577594402;-3.0560499225018245
6,367089,nearby MET2,,,1.0,16.0,16.0,nan;nan;-5.080381135032112;-4.395167982140361;-4.547411616336097
6,382481,nearby MET2,16.0,38.0,41.0,132.0,132.0,-3.6812808197041975;-3.3531110673301994;-3.4675972783123763;-3.4787140335904354;-3.401283580657859
6,707338,nearby MET2,77.0,64.0,125.0,304.0,304.0,-2.9989100771876407;-3.1267146899631224;-2.9834711220240555;-3.1164143811875316;-2.9293635196240047
6,715961,nearby MET2,,,1.0,,,nan;nan;-5.080381135032112;nan;nan
6,786408,nearby MET2,631.0,655.0,1013.0,3133.0,3133.0,-2.085371443115988;-2.1166533639552263;-2.0747716896718313;-2.10332756991458;-2.118467326300523
6,81692,nearby MET2,568.0,646.0,813.0,2837.0,2837.0,-2.1310524666491033;-2.1226621459519253;-2.1702905894380438;-2.1464286290004333;-2.176343754064361
6,837319,nearby MET2,,,3.0,8.0,8.0,nan;nan;-4.603259880312449;-4.696197977804342;-4.246381620672116
6,883808,nearby MET2,103.0,109.0,144.0,463.0,463.0,-2.87256357765495;-2.8954681660063857;-2.9220186429368624;-2.933706973778332;-2.9399565931214284
70,1046128,in MME1,94.0,61.0,104.0,275.0,275.0,-2.9122729487604238;-3.1475648289362423;-3.0633477957333315;-3.159955270966023;-3.176343754064361
70,1147361,in MME1,34.0,22.0,29.0,79.0,79.0,-3.353921885317867;-3.5904719831248033;-3.6179831371331557;-3.701660873505844;-3.7344982596932415
70,317659,in MME1,51.0,32.0,29.0,90.0,90.0,-3.177830626262186;-3.4277446856271037;-3.6179831371331557;-3.6450454553569607;-3.8941991025607536
70,33642,in MME1,26.0,15.0,38.0,51.0,51.0,-3.4704274543893043;-3.756803404891328;-3.5005975384153016;-3.891717788698349;-3.8941991025607536
70,43600,in MME1,99.0,76.0,103.0,303.0,303.0,-2.8897656077625724;-3.052081071666218;-3.0675439103269397;-3.1178453362939806;-3.2149731564204918
70,453984,in MME1,127.0,199.0,163.0,514.0,514.0,-2.7815970814041657;-2.6340415875373027;-2.868193530628154;-2.8883248458010096;-3.085013618437141
70,800401,in MME1,23.0,13.0,20.0,37.0,37.0,-3.5236729663425295;-3.818951311640173;-3.779351139368131;-4.031086240729291;-3.8484416120000784
70,981390,in MME1,65.0,84.0,110.0,305.0,305.0,-3.072487445717267;-3.008615377885128;-3.038988449873887;-3.1149881254494995;-3.1241657423992892
70,989421,in MME1,25.0,18.0,24.0,42.0,42.0,-3.4874607936880846;-3.6776221588437035;-3.700169893320506;-3.976038674398385;-3.6179926906218043
71,101685,in RSC30,75.0,110.0,160.0,365.0,365.0,-3.0103395389684224;-2.8915019787887846;-2.876261152376187;-3.036995100339811;-3.2149731564204918
71,127705,in RSC30,5.0,1.0,8.0,55.0,55.0,-4.186430798024103;-4.9328946639470095;-4.177291148040168;-3.8589252753020418;-4.246381620672116
71,188059,in RSC30,,1.0,6.0,6.0,6.0,nan;-4.9328946639470095;-4.302229884648469;-4.821136714412642;-3.8941991025607536
71,219115,in RSC30,13.0,,,,,-3.7714574500532856;nan;nan;nan;nan
71,447922,in RSC30,11.0,,1.0,5.0,5.0,-3.844008117201897;nan;-5.080381135032112;-4.900317960460266;-4.848441612000078
71,653407,in RSC30,3.0,14.0,11.0,32.0,32.0,-4.4082795476404595;-3.7867666282687713;-4.038988449873887;-4.09413798647638;-4.0702903616164345
71,657427,in RSC30,5.0,,,11.0,11.0,-4.186430798024103;nan;nan;-4.5578952796380605;nan
71,715643,in RSC30,,4.0,,7.0,7.0,nan;-4.330834672619047;nan;-4.754189924782029;nan
71,786338,in RSC30,26.0,44.0,39.0,137.0,137.0,-3.4704274543893043;-3.289441987460822;-3.4893165280056126;-3.4625673976398788;-3.70231357632184
71,829721,in RSC30,60.0,81.0,142.0,419.0,419.0,-3.1072495519764787;-3.02440964506836;-2.9280927906490555;-2.9770739418299903;-2.9733803486083783
71,854815,in RSC30,,2.0,,,,nan;-4.631864668283028;nan;nan;nan
71,855923,in RSC30,5.0,,2.0,1.0,1.0,-4.186430798024103;nan;-4.7793511393681305;-5.599287964796286;nan
71,865157,in RSC30,8.0,27.0,30.0,88.0,88.0,-3.9823108153681788;-3.501530899788022;-3.6032598803124496;-3.6548052926461168;-3.8070489268418535
71,911114,in RSC30,,,,4.0,4.0,nan;nan;nan;-4.997227973468323;nan
71,954005,in RSC30,2.0,18.0,11.0,35.0,35.0,-4.584370806696141;-3.6776221588437035;-4.038988449873887;-4.05521992044601;-3.8070489268418535
71,999162,in RSC30,29.0,32.0,50.0,127.0,127.0,-3.4230028044611664;-3.4277446856271037;-3.381411130696093;-3.4954842438403286;-3.450501603328041
71,999446,in RSC30,49.0,62.0,73.0,297.0,297.0,-3.1952047223316087;-3.1405029744487556;-3.2170582749116563;-3.126531515479073;-3.1856837803185045
72,111195,in RPS14B,21.0,,5.0,7.0,7.0,-3.563181507626203;nan;-4.381411130696093;-4.754189924782029;-4.246381620672116
72,282749,in RPS14B,21.0,43.0,40.0,136.0,136.0,-3.563181507626203;-3.299426208367423;-3.4783211437041497;-3.465749056426068;-3.5931691068967724
73,721635,nearby SRP40,11.0,30.0,15.0,43.0,43.0,-3.844008117201897;-3.455773409227347;-3.904289875976431;-3.965819509216699;-4.0702903616164345
75,1093126,in SPT8,16.0,47.0,57.0,222.0,222.0,-3.6812808197041975;-3.260796806011292;-3.3245062793596207;-3.252934990345647;-3.292139111232791
75,391319,in SPT8,,,1.0,,,nan;nan;-5.080381135032112;nan;-4.246381620672116
75,78291,in SPT8,244.0,352.0,743.0,2124.0,2124.0,-2.498010976021393;-2.3863520004688787;-2.2093923212715367;-2.272133452386854;-2.281415245841018
75,797341,in SPT8,311.0,377.0,561.0,1740.0,1740.0,-2.392640413333285;-2.3565533137412165;-2.3314182737759506;-2.358738716513686;-2.3118831694285484
76,371055,in RTG1,84.0,49.0,16.0,,,-2.9611215162982405;-3.2426985839184956;-3.876261152376187;nan;nan
76,557294,in RTG1,14.0,21.0,,,,-3.7392727666818844;-3.6106753692130904;nan;nan;nan
77,1034942,in HFI1,3.0,10.0,2.0,10.0,10.0,-4.4082795476404595;-3.9328946639470095;-4.7793511393681305;-4.599287964796286;-4.371320357280416
77,173518,in HFI1,,,4.0,17.0,17.0,nan;nan;-4.478321143704149;-4.368839043418012;nan
77,272502,in HFI1,62.0,23.0,38.0,56.0,56.0,-3.0930091128618686;-3.5711668279294164;-3.5005975384153016;-3.851099937790085;-4.848441612000078
77,338801,in HFI1,17.0,6.0,2.0,5.0,5.0,-3.6549518809818484;-4.154743413563366;-4.7793511393681305;-4.900317960460266;nan
77,450035,in HFI1,4.0,1.0,10.0,13.0,13.0,-4.28334081103216;-4.9328946639470095;-4.080381135032112;-4.485344612489449;-4.848441612000078
77,47124,in HFI1,57.0,23.0,9.0,23.0,23.0,-3.129525946687631;-3.5711668279294164;-4.126138625592787;-4.237560128778693;nan
77,522976,in HFI1,19.0,,10.0,3.0,3.0,-3.6066472014072932;nan;-4.080381135032112;-5.122166710076623;-4.848441612000078
77,65855,in HFI1,56.0,30.0,25.0,32.0,32.0,-3.137212775353922;-3.455773409227347;-3.6824411263600743;-4.09413798647638;-4.547411616336097
77,789753,in HFI1,29.0,5.0,12.0,6.0,6.0,-3.4230028044611664;-4.233924659610991;-4.0011998889844875;-4.821136714412642;nan
77,811393,in HFI1,17.0,6.0,7.0,1.0,1.0,-3.6549518809818484;-4.154743413563366;-4.235283095017855;-5.599287964796286;nan
77,999099,in HFI1,2.0,1.0,2.0,1.0,1.0,-4.584370806696141;-4.9328946639470095;-4.7793511393681305;-5.599287964796286;nan
78,370004,nearby HO,12.0,34.0,38.0,145.0,145.0,-3.8062195563124974;-3.4014157469047546;-3.5005975384153016;-3.4379199625613106;-3.9453516250081346
78,432431,nearby HO,105.0,65.0,128.0,345.0,345.0,-2.8642115032901843;-3.119981307304154;-2.9731711653842434;-3.0614688697230115;-3.1324382683652794
78,625458,nearby HO,,11.0,4.0,12.0,12.0,nan;-3.8915019787887846;-4.478321143704149;-4.520106718748661;-4.848441612000078
78,627948,nearby HO,9.0,7.0,4.0,40.0,40.0,-3.9311582929207973;-4.087796623932753;-4.478321143704149;-3.997227973468323;-4.547411616336097
78,863028,nearby HO,1.0,,,,,-4.885400802360122;nan;nan;nan;nan
78,950378,nearby HO,109.0,167.0,153.0,448.0,448.0,-2.8479743044194987;-2.710178192799426;-2.8956897042145133;-2.9480099507981414;-3.0422616380161913
7,107942,in FUN30,331.0,534.0,762.0,2292.0,2292.0,-2.3655728085844037;-2.2053534069184533;-2.1984261636925115;-2.239073351500933;-2.211953715646713
7,348919,in FUN30,1.0,6.0,8.0,16.0,16.0,-4.885400802360122;-4.154743413563366;-4.177291148040168;-4.395167982140361;-4.14947160766406
7,352701,in FUN30,188.0,255.0,348.0,1093.0,1093.0,-2.6112429530964425;-2.5263544835130545;-2.538801891085531;-2.5606678028465826;-2.5388114445741796
7,427329,in FUN30,,1.0,,,,nan;-4.9328946639470095;nan;nan;nan
7,729730,in FUN30,,,3.0,7.0,7.0,nan;nan;-4.603259880312449;-4.754189924782029;-4.848441612000078
7,798940,in FUN30,,,3.0,11.0,11.0,nan;nan;-4.603259880312449;-4.5578952796380605;nan
7,806201,in FUN30,136.0,169.0,130.0,597.0,597.0,-2.7518618939899047;-2.705007959333336;-2.9664377827252753;-2.8233136336669165;-2.9733803486083783
7,831007,in FUN30,31.0,49.0,38.0,125.0,125.0,-3.39403910852585;-3.2426985839184956;-3.5005975384153016;-3.502377951788229;-3.292139111232791
7,89333,in FUN30,115.0,103.0,144.0,428.0,428.0,-2.8247029620065107;-2.9200574392418375;-2.9220186429368624;-2.9678441957831136;-2.8356043872949064
7,967744,in FUN30,780.0,860.0,1271.0,4053.0,4053.0,-1.993306199669642;-1.9983962127034418;-1.9762355844781039;-1.9915113610545925;-2.000868952857966
7,990816,in FUN30,,,2.0,3.0,3.0,nan;nan;-4.7793511393681305;-5.122166710076623;-4.547411616336097
80,1041959,in UBP1,537.0,558.0,921.0,3410.0,3410.0,-2.1554265166605666;-2.186260465009431;-2.116121504835263;-2.066533585803788;-2.074655167018885
80,225449,in UBP1,62.0,60.0,60.0,280.0,280.0,-3.0930091128618686;-3.154743413563366;-3.3022298846484683;-3.1521299334540664;-3.235657755280343
80,266117,in UBP1,178.0,201.0,280.0,1190.0,1190.0,-2.6349808000512285;-2.6296986065265204;-2.6332231036898928;-2.523741003403755;-2.6029289441859285
80,373429,in UBP1,30.0,33.0,26.0,84.0,84.0,-3.40827954764046;-3.414380724069122;-3.665407787061294;-3.675008678734404;-3.70231357632184
80,577579,in UBP1,,,1.0,,,nan;nan;-5.080381135032112;nan;nan
80,585735,in UBP1,10.0,,3.0,4.0,4.0,-3.8854008023601225;nan;-4.603259880312449;-4.997227973468323;nan
80,686440,in UBP1,,,3.0,,,nan;nan;-4.603259880312449;nan;-4.547411616336097
80,894604,in UBP1,,1.0,1.0,4.0,4.0,nan;-4.9328946639470095;-5.080381135032112;-4.997227973468323;nan
80,994801,in UBP1,1.0,,1.0,4.0,4.0,-4.885400802360122;nan;-5.080381135032112;-4.997227973468323;-4.848441612000078
81,1070019,in RPL2A,35.0,46.0,87.0,413.0,413.0,-3.341332758009847;-3.2701368322654356;-3.1408618824134935;-2.9833379131398843;-2.924162325938197
81,1115934,in RPL2A,15.0,12.0,29.0,121.0,121.0,-3.709309543304441;-3.853713417899385;-3.6179831371331557;-3.5165025944798356;-3.5060189311778722
81,130527,in RPL2A,4.0,1.0,8.0,9.0,9.0,-4.28334081103216;-4.9328946639470095;-4.177291148040168;-4.645045455356961;-4.0702903616164345
81,304728,in RPL2A,,,1.0,6.0,6.0,nan;nan;-5.080381135032112;-4.821136714412642;-4.246381620672116
81,410443,in RPL2A,110.0,171.0,251.0,733.0,733.0,-2.844008117201897;-2.699898553554856;-2.680707413551074;-2.7341839901551577;-2.5060189311778722
81,726088,in RPL2A,22.0,47.0,82.0,375.0,375.0,-3.542978121537916;-3.260796806011292;-3.1665672826483955;-3.0252566970685666;-3.1080789225058347
81,877949,in RPL2A,2.0,1.0,1.0,14.0,14.0,-4.584370806696141;-4.9328946639470095;-5.080381135032112;-4.453159929118048;-4.848441612000078
81,881940,in RPL2A,73.0,131.0,163.0,675.0,675.0,-3.0220779422396666;-2.815623368291245;-2.868193530628154;-2.7699841919652606;-2.6870736097651036
82,1143363,nearby PDE2,31.0,16.0,30.0,140.0,140.0,-3.39403910852585;-3.728774681291085;-3.6032598803124496;-3.4531599291180473;-3.417077847841091
82,127342,nearby PDE2,57.0,60.0,91.0,316.0,316.0,-3.129525946687631;-3.154743413563366;-3.1213397427110183;-3.0996008821778815;-3.292139111232791
82,212898,nearby PDE2,1097.0,860.0,1217.0,4049.0,4049.0,-1.8451941747854113;-1.9983962127034418;-1.995090556802047;-1.991940188027872;-1.9653482534243885
82,315130,nearby PDE2,7.0,1.0,4.0,5.0,5.0,-4.040302762345865;-4.9328946639470095;-4.478321143704149;-4.900317960460266;-4.14947160766406
82,514444,nearby PDE2,213.0,193.0,288.0,807.0,807.0,-2.5570211989213845;-2.6473373549392356;-2.620988647272881;-2.692414430074215;-2.5931691068967724
82,610727,nearby PDE2,,1.0,11.0,6.0,6.0,nan;-4.9328946639470095;-4.038988449873887;-4.821136714412642;nan
82,730611,nearby PDE2,,,2.0,,,nan;nan;-4.7793511393681305;nan;nan
83,923230,in SIR4,8.0,11.0,11.0,41.0,41.0,-3.9823108153681788;-3.8915019787887846;-4.038988449873887;-3.98650410807655;-4.14947160766406
83,933045,in SIR4,,,3.0,4.0,4.0,nan;nan;-4.603259880312449;-4.997227973468323;-4.848441612000078
84,1121548,nearby RPL16A,61.0,86.0,99.0,569.0,569.0,-3.1000709673493554;-2.998396212703442;-3.084745940434562;-2.8441756984012145;-2.8484416120000784
84,214987,nearby RPL16A,95.0,104.0,180.0,630.0,630.0,-2.9076771970712745;-2.9158613246482292;-2.8251086299288057;-2.7999474153427037;-2.7550199268378432
84,389849,nearby RPL16A,354.0,395.0,881.0,2675.0,2675.0,-2.3363975403343344;-2.3362975683205494;-2.135405226620064;-2.171964178439038;-2.140871435902142
84,472320,nearby RPL16A,3.0,4.0,17.0,65.0,65.0,-4.4082795476404595;-4.330834672619047;-3.849932213653838;-3.7863746081534297;-3.9453516250081346
84,5383,nearby RPL16A,88.0,217.0,205.0,815.0,815.0,-2.940918130209954;-2.59643493009848;-2.7686272739763576;-2.688130356056309;-2.655317013645617
84,798423,nearby RPL16A,6.0,5.0,4.0,27.0,27.0,-4.107249551976479;-4.233924659610991;-4.478321143704149;-4.167924200637298;-4.848441612000078
85,1074562,in SLX8,337.0,623.0,886.0,3090.0,3090.0,-2.357770901488784;-2.1384066172878398;-2.1329474131450614;-2.109329485371451;-2.079803510752464
85,223540,in SLX8,90.0,110.0,136.0,356.0,356.0,-2.9311582929207973;-2.8915019787887846;-2.9468422266618943;-3.04783796682341;-2.9851187518796225
85,226365,in SLX8,,,3.0,1.0,1.0,nan;nan;-4.603259880312449;-5.599287964796286;nan
85,273507,in SLX8,5.0,7.0,21.0,19.0,19.0,-4.186430798024103;-4.087796623932753;-3.7581618402981927;-4.320534363843456;-4.547411616336097
85,388531,in SLX8,80.0,112.0,147.0,509.0,509.0,-2.9823108153681788;-2.883676641276828;-2.9130638002839357;-2.8925701824595267;-2.9139431607565105
85,593948,in SLX8,1.0,11.0,13.0,17.0,17.0,-4.885400802360122;-3.8915019787887846;-3.9664377827252753;-4.368839043418012;-3.9453516250081346
85,66092,in SLX8,837.0,981.0,1087.0,3757.0,3757.0,-1.9626753443668623;-1.941225656567061;-2.0441515909458174;-2.0244467697329007;-2.0674046733789466
85,692659,in SLX8,,,3.0,15.0,15.0,nan;nan;-4.603259880312449;-4.4231967057406045;nan
85,702238,in SLX8,39.0,70.0,51.0,186.0,186.0,-3.294336195333623;-3.0877966239327526;-3.3728109589341755;-3.3297750205783694;-3.3570799181658058
85,911219,in SLX8,94.0,147.0,233.0,673.0,673.0,-2.9122729487604238;-2.7655773291988335;-2.713025214006093;-2.7712729005723085;-2.7245899710329926
85,986329,in SLX8,36.0,110.0,164.0,541.0,541.0,-3.3290983015928353;-2.8915019787887846;-2.8655372869844142;-2.866090699689716;-2.8572155363075833
86,1046987,in VPS36,8.0,6.0,9.0,13.0,13.0,-3.9823108153681788;-4.154743413563366;-4.126138625592787;-4.485344612489449;-4.848441612000078
86,342742,in VPS36,121.0,79.0,38.0,50.0,50.0,-2.8026154320436723;-3.035267572656568;-3.5005975384153016;-3.9003179604602667;-4.371320357280416
86,413556,in VPS36,19.0,22.0,8.0,19.0,19.0,-3.6066472014072932;-3.5904719831248033;-4.177291148040168;-4.320534363843456;-4.547411616336097
88,198988,in STM1,8.0,22.0,16.0,102.0,102.0,-3.9823108153681788;-3.5904719831248033;-3.876261152376187;-3.590687793034368;-4.0702903616164345
88,413577,in STM1,39.0,54.0,83.0,328.0,328.0,-3.294336195333623;-3.200500904124041;-3.161303042656038;-3.083414121084606;-3.1324382683652794
88,465976,in STM1,31.0,29.0,64.0,230.0,230.0,-3.39403910852585;-3.4704966660480534;-3.2742011610482247;-3.237560128778693;-3.4682303702884725
88,552665,in STM1,83.0,99.0,144.0,643.0,643.0,-2.9663227099840483;-2.93725946934946;-2.9220186429368624;-2.7910769918720635;-2.78398362277316
88,598322,in STM1,5.0,6.0,14.0,77.0,77.0,-4.186430798024103;-4.154743413563366;-3.934253099353874;-3.7127972396238036;-3.8941991025607536
88,828319,in STM1,1.0,9.0,26.0,65.0,65.0,-4.885400802360122;-3.9786521545076847;-3.665407787061294;-3.7863746081534297;-3.8070489268418535
91,1013423,nearby COA6,742.0,626.0,841.0,2811.0,2811.0,-2.014996897081095;-2.13632033073658;-2.1555851392342;-2.1504271191888447;-2.162699873397815
91,1099889,nearby COA6,206.0,342.0,347.0,1215.0,1215.0,-2.571533581990969;-2.3988685578908746;-2.540051660241238;-2.5147116868619546;-2.5539753858384855
91,132360,nearby COA6,118.0,229.0,266.0,919.0,919.0,-2.813518795053997;-2.5730591816071215;-2.655499498401045;-2.635972453410174;-2.7550199268378432
91,153594,nearby COA6,,1.0,,,,nan;-4.9328946639470095;nan;nan;nan
91,164944,nearby COA6,,,2.0,4.0,4.0,nan;nan;-4.7793511393681305;-4.997227973468323;nan
91,191345,nearby COA6,271.0,273.0,413.0,1177.0,1177.0,-2.4524315114857167;-2.4967320169062535;-2.464431083375711;-2.528511501952851;-2.6335977639523804
91,199454,nearby COA6,4.0,,3.0,14.0,14.0,-4.28334081103216;nan;-4.603259880312449;-4.453159929118048;-4.371320357280416
91,203030,nearby COA6,24.0,57.0,92.0,274.0,274.0,-3.505189560648516;-3.177019808274518;-3.1165933076865566;-3.1615374019758975;-3.371320357280416
91,463291,nearby COA6,1.0,,,,,-4.885400802360122;nan;nan;nan;nan
91,47551,nearby COA6,50.0,64.0,67.0,266.0,266.0,-3.1864307980241033;-3.1267146899631224;-3.2543063323312857;-3.1744063281652184;-3.0560499225018245
91,546097,nearby COA6,187.0,199.0,304.0,947.0,947.0,-2.6135591958236235;-2.6340415875373027;-2.5975075514233583;-2.622937985793012;-2.6283335239600234
91,594515,nearby COA6,561.0,421.0,441.0,768.0,768.0,-2.136437941103961;-2.308612568111341;-2.4359425455642736;-2.7139267447647737;-3.022366809299252
91,612547,nearby COA6,113.0,128.0,169.0,595.0,595.0,-2.8323223588767026;-2.825684694299141;-2.8524944304184383;-2.824770999067736;-2.8110151140594546
91,630812,nearby COA6,76.0,71.0,96.0,342.0,342.0,-3.004587210079331;-3.081636315227934;-3.0981099019925438;-3.0652618587401506;-3.176343754064361
91,698434,nearby COA6,32.0,19.0,39.0,95.0,95.0,-3.3802508240402163;-3.6541410629941806;-3.4893165280056126;-3.621564359507438;-3.8941991025607536
91,705350,nearby COA6,93.0,168.0,158.0,601.0,601.0,-2.9169178538061873;-2.7075853822211466;-2.8817240480776896;-2.820413492793546;-2.7692603659524537
91,713914,nearby COA6,1.0,7.0,6.0,31.0,31.0,-4.885400802360122;-4.087796623932753;-4.302229884648469;-4.107926270962013;-3.8484416120000784
91,766130,nearby COA6,,,,1.0,1.0,nan;nan;nan;-5.599287964796286;nan
91,783423,nearby COA6,57.0,99.0,117.0,313.0,313.0,-3.129525946687631;-2.93725946934946;-3.0121952732859505;-3.103743627249837;-3.11604785217711
91,822529,nearby COA6,146.0,180.0,224.0,855.0,855.0,-2.7210479465756854;-2.6776221588437035;-2.730133116697949;-2.667321850068113;-2.8846537846545233
91,955220,nearby COA6,280.0,307.0,509.0,1400.0,1400.0,-2.438242771017903;-2.445756288469823;-2.3736633526953534;-2.4531599291180477;-2.3860436141011223
91,997843,nearby COA6,91.0,91.0,97.0,278.0,278.0,-2.9263594100390287;-2.973853271625916;-3.093609400765867;-3.155243168878209;-3.292139111232791
92,1023011,in RPL16A,,2.0,2.0,2.0,2.0,nan;-4.631864668283028;-4.7793511393681305;-5.298257969132305;nan
92,1046227,in RPL16A,50.0,59.0,118.0,410.0,410.0,-3.1864307980241033;-3.1620426523048653;-3.0084991277259867;-2.98650410807655;-2.8441202382174358
92,1046560,in RPL16A,2.0,9.0,9.0,43.0,43.0,-4.584370806696141;-3.9786521545076847;-4.126138625592787;-3.965819509216699;-4.0033435719858215
92,1083305,in RPL16A,164.0,208.0,419.0,1394.0,1394.0,-2.6705569543124246;-2.614831328984248;-2.4581671120658166;-2.455025191034295;-2.358483132575244
92,1126451,in RPL16A,181.0,401.0,499.0,1888.0,1888.0,-2.627722227490938;-2.3297502913268273;-2.382280589408722;-2.3232859748342354;-2.2686580153832683
92,1157451,in RPL16A,1.0,,,,,-4.885400802360122;nan;nan;nan;nan
92,128665,in RPL16A,122.0,170.0,275.0,1139.0,1139.0,-2.799040971685374;-2.702445742568736;-2.6410484412018493;-2.5427642407171853;-2.5180278386508874
92,176828,in RPL16A,28.0,37.0,70.0,283.0,283.0,-3.438242771017903;-3.3646929398800145;-3.2352830950178553;-3.1475015292719952;-2.956347009309598
92,197008,in RPL16A,167.0,172.0,145.0,470.0,470.0,-2.6626843312125392;-2.697366217039461;-2.919013132797137;-2.927190106860568;-2.9089223593814597
92,23219,in RPL16A,150.0,235.0,352.0,1084.0,1084.0,-2.709309543304441;-2.561826801675273;-2.533838471553981;-2.5642586825939175;-2.5099851183954733
92,238090,in RPL16A,,6.0,6.0,23.0,23.0,nan;-4.154743413563366;-4.302229884648469;-4.237560128778693;-4.0033435719858215
92,31067,in RPL16A,1.0,11.0,20.0,39.0,39.0,-4.885400802360122;-3.8915019787887846;-3.779351139368131;-4.008223357769786;-3.7692603659524537
92,317694,in RPL16A,55.0,53.0,107.0,406.0,406.0,-3.1450381128658784;-3.2086187943462203;-3.0509973573469025;-2.990761931219091;-2.8572155363075833
92,339460,in RPL16A,146.0,228.0,417.0,1387.0,1387.0,-2.7210479465756854;-2.5749598169465555;-2.4602450800583546;-2.4572115037230007;-2.384548623014171
92,397173,in RPL16A,4.0,,5.0,3.0,3.0,-4.28334081103216;nan;-4.381411130696093;-5.122166710076623;nan
92,398286,in RPL16A,,,2.0,8.0,8.0,nan;nan;-4.7793511393681305;-4.696197977804342;nan
92,398772,in RPL16A,340.0,474.0,817.0,3227.0,3227.0,-2.353921885317867;-2.2571163222729247;-2.1681590784996967;-2.0904889993923805;-2.012117496293327
92,430105,in RPL16A,1.0,25.0,21.0,66.0,66.0,-4.885400802360122;-3.534954655274972;-3.7581618402981927;-3.7797440292544167;-3.70231357632184
92,435617,in RPL16A,96.0,152.0,261.0,832.0,832.0,-2.903129569320554;-2.751051076002237;-2.663740627693831;-2.6791646385055614;-2.5980216096911843
92,499156,in RPL16A,142.0,161.0,307.0,1041.0,1041.0,-2.733112457977066;-2.72606878791516;-2.5932427595549257;-2.5818372352857493;-2.477373749728342
92,49931,in RPL16A,,,8.0,26.0,26.0,nan;nan;-4.177291148040168;-4.184314616825468;-4.547411616336097
92,517382,in RPL16A,13.0,,5.0,32.0,32.0,-3.7714574500532856;nan;-4.381411130696093;-4.09413798647638;-4.547411616336097
92,529084,in RPL16A,,,1.0,15.0,15.0,nan;nan;-5.080381135032112;-4.4231967057406045;nan
92,531636,in RPL16A,2.0,22.0,32.0,112.0,112.0,-4.584370806696141;-3.5904719831248033;-3.575231156712206;-3.550069942126104;-3.3432916336801726
92,589413,in RPL16A,45.0,84.0,69.0,327.0,327.0,-3.2321882885847786;-3.008615377885128;-3.2415320442948565;-3.0847402121359995;-3.100253584993878
92,6398,in RPL16A,151.0,154.0,260.0,933.0,933.0,-2.706423855066953;-2.7453739431105464;-2.665407787061294;-2.6294063210497858;-2.630957667786172
92,713680,in RPL16A,10.0,21.0,12.0,55.0,55.0,-3.8854008023601225;-3.6106753692130904;-4.0011998889844875;-3.8589252753020418;-3.7344982596932415
92,766468,in RPL16A,5.0,12.0,10.0,21.0,21.0,-4.186430798024103;-3.853713417899385;-4.080381135032112;-4.277068670062366;-4.246381620672116
92,784245,in RPL16A,9.0,11.0,10.0,38.0,38.0,-3.9311582929207973;-3.8915019787887846;-4.080381135032112;-4.019504368179476;-4.246381620672116
92,878376,in RPL16A,100.0,185.0,312.0,1097.0,1097.0,-2.8854008023601225;-2.6657229355439958;-2.5862265410136693;-2.559081337221574;-2.4301403206803327
92,883136,in RPL16A,170.0,181.0,407.0,1607.0,1607.0,-2.6549518809818484;-2.675216089077825;-2.470786725806892;-2.393272088032941;-2.308112137209205
94,507046,nearby NCP1,176.0,88.0,164.0,377.0,377.0,-2.6398881345459726;-2.988411991796841;-2.8655372869844142;-3.022946614590493;-3.100253584993878
95,937804,in UBP3,14.0,9.0,1.0,,,-3.7392727666818844;-3.9786521545076847;-5.080381135032112;nan;nan
96,600295,nearby YOL085W-A,1.0,6.0,,3.0,3.0,-4.885400802360122;-4.154743413563366;nan;-5.122166710076623;nan
96,644880,nearby YOL085W-A,5.0,13.0,16.0,13.0,13.0,-4.186430798024103;-3.818951311640173;-3.876261152376187;-4.485344612489449;-4.14947160766406
96,986173,nearby YOL085W-A,575.0,583.0,694.0,2063.0,2063.0,-2.125732957670492;-2.1672261091879954;-2.239021664577257;-2.284788736823134;-2.308112137209205
97,155472,in RPL31B,201.0,247.0,682.0,1705.0,1705.0,-2.5822047449396335;-2.5401977106873437;-2.246596760375633;-2.367563581467769;-2.2721002617942854
97,161980,in RPL31B,52.0,45.0,111.0,526.0,526.0,-3.169397458725323;-3.279682150171666;-3.0350581562454546;-2.8783022206425466;-2.82725231293014
97,174192,in RPL31B,11.0,26.0,49.0,158.0,158.0,-3.844008117201897;-3.5179213159761917;-3.3901850550035983;-3.400630877841863;-3.225192321602178
97,496339,in RPL31B,,,,3.0,3.0,nan;nan;nan;-5.122166710076623;nan
97,825197,in RPL31B,64.0,119.0,197.0,657.0,657.0,-3.079220828376235;-2.857347702554479;-2.785914908870519;-2.781722595236505;-2.8441202382174358
97,926538,in RPL31B,,1.0,3.0,10.0,10.0,nan;-4.9328946639470095;-4.603259880312449;-4.599287964796286;-4.246381620672116
99,1080290,nearby TDA11,,5.0,4.0,35.0,35.0,nan;-4.233924659610991;-4.478321143704149;-4.05521992044601;-3.9453516250081346
99,1099568,nearby TDA11,7.0,35.0,21.0,95.0,95.0,-4.040302762345865;-3.388826619596734;-3.7581618402981927;-3.621564359507438;-4.0033435719858215
99,1102057,nearby TDA11,165.0,185.0,236.0,823.0,823.0,-2.6679168581462163;-2.6657229355439958;-2.7074691320620055;-2.6838881295840156;-2.78398362277316
99,148491,nearby TDA11,13.0,15.0,43.0,184.0,184.0,-3.7714574500532856;-3.756803404891328;-3.4469126794525256;-3.334470141786749;-3.672350352944397
99,176071,nearby TDA11,,,,3.0,3.0,nan;nan;nan;-5.122166710076623;nan
99,184277,nearby TDA11,172.0,207.0,187.0,714.0,714.0,-2.6498723554525734;-2.6169243184900917;-2.808539528495613;-2.745589753020111;-2.86617037896051
99,365193,nearby TDA11,328.0,361.0,514.0,1611.0,1611.0,-2.3695269586484433;-2.3753874620413518;-2.3694180160368363;-2.3921924243770674;-2.3570799181658058
99,417872,nearby TDA11,65.0,45.0,80.0,251.0,251.0,-3.072487445717267;-3.279682150171666;-3.1772911480401684;-3.1996142433152475;-3.1582455319715645
99,422305,nearby TDA11,67.0,59.0,109.0,261.0,261.0,-3.059325999659296;-3.1620426523048653;-3.0429546370914884;-3.1826474574580046;-3.2149731564204918
99,456153,nearby TDA11,2.0,,1.0,8.0,8.0,-4.584370806696141;nan;-5.080381135032112;-4.696197977804342;nan
99,458655,nearby TDA11,105.0,149.0,182.0,629.0,629.0,-2.8642115032901843;-2.7597083955347355;-2.820309747047037;-2.8006373193510163;-2.751531598992022
99,46207,nearby TDA11,,1.0,,,,nan;-4.9328946639470095;nan;nan;nan
99,47525,nearby TDA11,,,,2.0,2.0,nan;nan;nan;-5.298257969132305;nan
99,520459,nearby TDA11,493.0,538.0,728.0,2299.0,2299.0,-2.1925538830828923;-2.20211238828062;-2.218249755719075;-2.2377489935270063;-2.2314412708791793
99,533056,nearby TDA11,,,,5.0,5.0,nan;nan;nan;-4.900317960460266;nan
99,584314,nearby TDA11,,,,13.0,13.0,nan;nan;nan;-4.485344612489449;-4.848441612000078
99,605475,nearby TDA11,,2.0,1.0,10.0,10.0,nan;-4.631864668283028;-5.080381135032112;-4.599287964796286;-4.371320357280416
99,627380,nearby TDA11,,1.0,,,,nan;-4.9328946639470095;nan;nan;nan
99,775486,nearby TDA11,,,1.0,,,nan;nan;-5.080381135032112;nan;nan
99,804743,nearby TDA11,505.0,664.0,849.0,2813.0,2813.0,-2.182109424241461;-2.110726584578992;-2.1514734447881594;-2.1501182326310846;-2.175420704871182
99,876092,nearby TDA11,450.0,515.0,705.0,2131.0,2131.0,-2.2321882885847786;-2.2210874349058187;-2.2321920180407133;-2.2707045150820835;-2.361303236522892
99,94026,nearby TDA11,19.0,1.0,,3.0,3.0,-3.6066472014072932;-4.9328946639470095;nan;-5.122166710076623;-4.547411616336097
99,943178,nearby TDA11,3.0,4.0,4.0,14.0,14.0,-4.4082795476404595;-4.330834672619047;-4.478321143704149;-4.453159929118048;-4.547411616336097
99,994511,nearby TDA11,336.0,287.0,540.0,1652.0,1652.0,-2.3590615249702784;-2.475012767213017;-2.3479873752091436;-2.381277921811922;-2.374225347923823
9,1066331,in TRM9,196.0,104.0,246.0,913.0,913.0,-2.593144731003646;-2.9158613246482292;-2.689446027928733;-2.6388171872619863;-2.6389265974574476
9,1105251,in TRM9,,2.0,2.0,3.0,3.0,nan;-4.631864668283028;-4.7793511393681305;-5.122166710076623;-4.848441612000078
9,255713,in TRM9,428.0,616.0,757.0,2226.0,2226.0,-2.2539570333469503;-2.143313951782584;-2.201285255532039;-2.251762804797596;-2.246381620672116
9,43589,in TRM9,,,7.0,,,nan;nan;-4.235283095017855;nan;nan
9,597643,in TRM9,167.0,152.0,295.0,954.0,954.0,-2.6626843312125392;-2.751051076002237;-2.610559119053949;-2.6197395900921903;-2.6004683456382716
9,710341,in TRM9,,,,1.0,1.0,nan;nan;nan;-5.599287964796286;nan
9,71046,in TRM9,52.0,58.0,106.0,344.0,344.0,-3.169397458725323;-3.169466670384072;-3.055075269767342;-3.0627295222247555;-3.0159326992938422
