cBC,Edge,s,stderr.s,len.s,TP2-1-T0,TP2-1-T1,TP2-1-T2,TP2-1-T3,TP2-1-T4,T0_log10freq_clipped,T1_log10freq_clipped,T2_log10freq_clipped,T3_log10freq_clipped,T4_log10freq_clipped
AAAACATTATCAAAG_0,AAAACATTATCAAAG,-0.00791693643507865,0.013451080247448729,2,21,7,21,5,18,-3.793434477837496,-3.9123890899535034,-3.972370368153166,-3.952337090908204,-3.902456178608144
AAAACATTATCAAAG_1,AAAACATTATCAAAG,,,0,2,0,0,0,0,-4.8146237769074345,-6.0,-6.0,-6.0,-6.0
AAAACATTATCAAAG_2,AAAACATTATCAAAG,,,0,4,0,0,0,0,-4.513593781243453,-6.0,-6.0,-6.0,-6.0
AAAACATTATCAAAG_3,AAAACATTATCAAAG,0.018813297670795138,0.0,1,8,1,12,3,12,-4.212563785579472,-4.75748712996776,-4.215408416839461,-4.174185840524561,-4.0785474376638255
AAAACATTATCAAAG_4,AAAACATTATCAAAG,-0.028583900764690345,0.031233099125769742,2,40,5,16,0,15,-3.513593781243453,-4.058517125631742,-4.090469680231161,-6.0,-3.981637424655769
AAAACATTATCAAAG_5,AAAACATTATCAAAG,0.01196078759336705,0.013457690389062284,4,26,10,51,11,49,-3.7006804246005975,-3.7574871299677604,-3.5870194867891487,-3.609914410085998,-3.467532603682937
AAAACATTATCAAAG_6,AAAACATTATCAAAG,0.013446373105137056,0.013991587066818221,4,33,27,86,17,66,-3.5971398326935278,-3.326123365808773,-3.3600912116435175,-3.4208581738659487,-3.3381847481695814
AAAAGAAAAATGTAT_1,AAAAGAAAAATGTAT,-0.004268712864778857,0.004968812047377681,4,326,127,434,106,321,-2.6024361725034764,-2.6536834090118036,-2.6570999333745746,-2.6260012299794524,-2.6512236513065783
AAAAGAAAAATGTAT_2,AAAAGAAAAATGTAT,,,0,1,0,0,0,0,-5.115653772571416,-6.0,-6.0,-6.0,-6.0
AAAAGAAAAATGTAT_3,AAAAGAAAAATGTAT,,,0,1,0,0,0,0,-5.115653772571416,-6.0,-6.0,-6.0,-6.0
AAAAGAAAAATGTAT_4,AAAAGAAAAATGTAT,-0.0033462234900205608,0.003278630468192166,4,1015,465,1735,354,1037,-2.1091877303221835,-2.0900341770778064,-2.0552901837601927,-2.1023038332184347,-2.1419499273224094
AAAAGAAAAATGTAT_5,AAAAGAAAAATGTAT,,,0,1,0,0,0,0,-5.115653772571416,-6.0,-6.0,-6.0,-6.0
AAAAGAAAAATGTAT_6,AAAAGAAAAATGTAT,,,0,1,0,0,0,0,-5.115653772571416,-6.0,-6.0,-6.0,-6.0
AAAAGCGACATTTCT_1,AAAAGCGACATTTCT,,,0,1,0,0,0,0,-5.115653772571416,-6.0,-6.0,-6.0,-6.0
AAAAGCGACATTTCT_2,AAAAGCGACATTTCT,-0.01933745039055721,0.007323597732839281,4,514,231,676,101,277,-2.4046906535761394,-2.393875150075616,-2.4646429669454495,-2.64698572146158,-2.7152489146470016
AAAAGCGACATTTCT_3,AAAAGCGACATTTCT,-0.01892180608472292,0.007348886839862836,4,219,69,218,49,120,-2.775209657731297,-2.918638039230505,-2.9561331692824804,-2.961111015215709,-3.0785474376638255
AAAAGCGACATTTCT_4,AAAAGCGACATTTCT,,,0,1,0,0,0,0,-5.115653772571416,-6.0,-6.0,-6.0,-6.0
AATGATACCATTTTT_0,AATGATACCATTTTT,,,0,1,0,0,0,0,-5.115653772571416,-6.0,-6.0,-6.0,-6.0
AATGATACCATTTTT_1,AATGATACCATTTTT,,,0,2,0,0,0,0,-4.8146237769074345,-6.0,-6.0,-6.0,-6.0
AATGATACCATTTTT_2,AATGATACCATTTTT,,,0,4,0,0,0,0,-4.513593781243453,-6.0,-6.0,-6.0,-6.0
AATGATACCATTTTT_3,AATGATACCATTTTT,,,0,1,0,0,0,0,-5.115653772571416,-6.0,-6.0,-6.0,-6.0
AATGATACCATTTTT_4,AATGATACCATTTTT,,,0,1,0,0,0,0,-5.115653772571416,-6.0,-6.0,-6.0,-6.0
AATGATACCATTTTT_5,AATGATACCATTTTT,,,0,1,0,0,0,0,-5.115653772571416,-6.0,-6.0,-6.0,-6.0
AATGATACCATTTTT_6,AATGATACCATTTTT,,,0,2,0,0,0,0,-4.8146237769074345,-6.0,-6.0,-6.0,-6.0
ACAACCTACCTGCTA_0,ACAACCTACCTGCTA,,,0,1,0,0,0,0,-5.115653772571416,-6.0,-6.0,-6.0,-6.0
ACAACCTACCTGCTA_1,ACAACCTACCTGCTA,-0.0077936108292499875,0.012305144047639131,4,145,78,177,49,124,-2.9542857703364405,-2.86539252727728,-3.0466163965252786,-2.961111015215709,-3.064306998549215
ACAACCTACCTGCTA_2,ACAACCTACCTGCTA,,,0,1,0,0,1,0,-5.115653772571416,-6.0,-6.0,-4.651307095244222,-6.0
ACAACCTACCTGCTA_3,ACAACCTACCTGCTA,-0.0011630353352647838,0.0008454053976691721,4,644,307,1088,242,718,-2.3067679052116032,-2.270348754490574,-2.2579607675249243,-2.2674917292637913,-2.30160423946915
ACAACCTACCTGCTA_4,ACAACCTACCTGCTA,,,0,1,0,0,0,0,-5.115653772571416,-6.0,-6.0,-6.0,-6.0
ACAACCTACCTGCTA_5,ACAACCTACCTGCTA,0.0034561825279224357,0.00309518773495025,4,1149,530,2125,506,1541,-2.0553337438831303,-2.033211260366971,-1.9672307285007549,-1.9471565784044236,-1.969926044993031
ACAACCTACCTGCTA_6,ACAACCTACCTGCTA,,,0,1,0,0,0,0,-5.115653772571416,-6.0,-6.0,-6.0,-6.0
ACAAGTTTTACAGTT_0,ACAAGTTTTACAGTT,-0.028083623069680173,0.007382389270112569,4,674,192,598,111,256,-2.2869938760360955,-2.4741859012642107,-2.5178884788986746,-2.6059841164575652,-2.7494887183996006
ACAAGTTTTACAGTT_1,ACAAGTTTTACAGTT,,,0,2,0,0,0,0,-4.8146237769074345,-6.0,-6.0,-6.0,-6.0
ACAAGTTTTACAGTT_2,ACAAGTTTTACAGTT,-0.03058937513969593,0.005135392218434204,4,617,185,519,97,212,-2.3253686085381737,-2.4903154015647466,-2.5794223050386273,-2.664535360977978,-2.831392822782699
ACAAGTTTTACAGTT_3,ACAAGTTTTACAGTT,-0.04108423279460738,0.00512647019504713,4,248,85,219,33,56,-2.721202091745199,-2.8280682042534675,-2.954145548046967,-3.1327931553663353,-3.40954065670525
ACAAGTTTTACAGTT_4,ACAAGTTTTACAGTT,,,0,2,0,0,0,0,-4.8146237769074345,-6.0,-6.0,-6.0,-6.0
ACAAGTTTTACAGTT_5,ACAAGTTTTACAGTT,,,0,1,0,0,0,0,-5.115653772571416,-6.0,-6.0,-6.0,-6.0
ACAAGTTTTACAGTT_6,ACAAGTTTTACAGTT,-0.011255221250691672,0.015811604078100783,2,16,8,14,3,12,-3.9115337899154907,-3.8543971429758166,-4.148461627208848,-4.174185840524561,-4.0785474376638255
ACAGGGCAGCTCCCG_1,ACAGGGCAGCTCCCG,,,0,1,0,0,0,0,-5.115653772571416,-6.0,-6.0,-6.0,-6.0
ACAGGGCAGCTCCCG_2,ACAGGGCAGCTCCCG,-0.02212620933543876,0.006293226795266734,2,37,13,40,5,9,-3.5474520485044203,-3.6435437776609234,-3.692529671559123,-3.952337090908204,-4.2034861742721255
ACAGGGCAGCTCCCG_3,ACAGGGCAGCTCCCG,-0.05415664996892093,0.01168185622758143,4,254,84,185,29,34,-2.7108200559514772,-2.8332078439058788,-3.0274179344840717,-3.1889090973452667,-3.6262497666691953
ACAGGGCAGCTCCCG_4,ACAGGGCAGCTCCCG,-0.047912572383558616,0.0030291504098223032,3,95,29,66,9,15,-3.1379301672825677,-3.2950891320688043,-3.4750457273452167,-3.697064585804898,-3.981637424655769
ACAGTTGACGGACAG_0,ACAGTTGACGGACAG,0.0038026419815433967,0.0019449179399060933,4,3051,1540,5309,1340,4149,-1.6312115649290082,-1.5699664091312973,-1.5695769375459283,-1.524202296879415,-1.5397852488824773
ACAGTTGACGGACAG_1,ACAGTTGACGGACAG,0.004428895749175621,0.003308304680120725,4,1245,597,2411,539,1736,-2.02048442113966,-1.9815127988383912,-1.9123924525096316,-1.919718330057484,-1.9181789628709771
ACAGTTGACGGACAG_2,ACAGTTGACGGACAG,0.007231280657078931,0.00776029271222557,4,2342,1325,4729,939,3653,-1.746066881835071,-1.6352712516949335,-1.619820348871659,-1.6786415029781119,-1.5950790114995337
ACAGTTGACGGACAG_3,ACAGTTGACGGACAG,0.0075266114762522875,0.0023318310804456397,4,1411,694,2646,639,2227,-1.9661267588170674,-1.9161276595129053,-1.8719998230356032,-1.8458062370858226,-1.810008466677412
ACAGTTGACGGACAG_4,ACAGTTGACGGACAG,0.007565517178832048,0.0021212333871397336,4,1789,984,3787,910,2828,-1.8630434320040423,-1.7644920315364188,-1.716294357766259,-1.6922657029231292,-1.7062492785865886
ACAGTTGACGGACAG_5,ACAGTTGACGGACAG,0.00362498173636695,0.0005406737853002688,4,3566,1744,6402,1527,4815,-1.5634724337320796,-1.5159406493712118,-1.4882739930789717,-1.4674680581878017,-1.475132392250897
ACAGTTGACGGACAG_6,ACAGTTGACGGACAG,0.003090496362766037,0.004021567568139693,4,1088,543,2123,530,1438,-2.079024877209254,-2.022687300378913,-1.9676396687210864,-1.9270312256434337,-1.9999697976645865
ACCACCGGTCCTGCC_0,ACCACCGGTCCTGCC,,,0,1,0,0,0,0,-5.115653772571416,-6.0,-6.0,-6.0,-6.0
ACCACCGGTCCTGCC_1,ACCACCGGTCCTGCC,,,0,1,0,0,0,0,-5.115653772571416,-6.0,-6.0,-6.0,-6.0
ACCACCGGTCCTGCC_2,ACCACCGGTCCTGCC,,,0,5,0,0,0,0,-4.416683768235396,-6.0,-6.0,-6.0,-6.0
ACCACCGGTCCTGCC_3,ACCACCGGTCCTGCC,-0.00011474639515298477,0.014190726082245591,4,166,53,238,73,193,-2.8955456845313603,-3.033211260366971,-2.918012705830573,-2.787984235123767,-2.872171374703677
ACCACCGGTCCTGCC_4,ACCACCGGTCCTGCC,,,0,1,0,0,0,0,-5.115653772571416,-6.0,-6.0,-6.0,-6.0
ACCACCGGTCCTGCC_5,ACCACCGGTCCTGCC,,,0,1,0,0,0,0,-5.115653772571416,-6.0,-6.0,-6.0,-6.0
ACCACCGGTCCTGCC_6,ACCACCGGTCCTGCC,,,0,1,0,0,0,0,-5.115653772571416,-6.0,-6.0,-6.0,-6.0
AGAACATCATCTACA_1,AGAACATCATCTACA,,,0,1,0,0,0,0,-5.115653772571416,-6.0,-6.0,-6.0,-6.0
AGAACATCATCTACA_2,AGAACATCATCTACA,,,0,1,0,0,0,0,-5.115653772571416,-6.0,-6.0,-6.0,-6.0
AGAACATCATCTACA_3,AGAACATCATCTACA,,,0,1,0,0,0,0,-5.115653772571416,-6.0,-6.0,-6.0,-6.0
AGAACATCATCTACA_4,AGAACATCATCTACA,,,0,6,0,0,0,1,-4.337502522187772,-6.0,-6.0,-6.0,-5.157728683711451
AGAACATCATCTACA_5,AGAACATCATCTACA,-0.030355982215753512,0.015766049441195838,4,173,59,221,44,60,-2.87760766944262,-2.986635118325616,-2.9501973892019744,-3.0078544187580354,-3.379577433327807
AGAAGACGACGATGA_0,AGAAGACGACGATGA,-0.043866995823376526,0.02378084784633417,4,198,49,122,37,40,-2.8189885823098844,-3.0672910499392465,-3.208229832212337,-3.083105371177228,-3.5556686923834877
AGAAGACGACGATGA_1,AGAAGACGACGATGA,,,0,3,0,0,0,0,-4.638532517851753,-6.0,-6.0,-6.0,-6.0
AGAAGACGACGATGA_2,AGAAGACGACGATGA,-0.02770235492778832,0.004234080970119725,4,1032,347,1061,175,398,-2.1019740752802227,-2.2171576551768863,-2.2688742789857446,-2.4082690465579284,-2.5578456116377626
AGAAGACGACGATGA_3,AGAAGACGACGATGA,-0.0443174584609435,0.015842824577443328,4,126,47,141,22,25,-3.0152832274538524,-3.085389272032043,-3.1453705502317053,-3.3088844144220166,-3.7597886750394127
AGAAGACGACGATGA_4,AGAAGACGACGATGA,,,0,1,0,1,0,0,-5.115653772571416,-6.0,-5.294589662887085,-6.0,-6.0
AGAAGACGACGATGA_5,AGAAGACGACGATGA,-0.03085254794315981,0.02010808130936516,4,450,149,420,40,153,-2.462441258796072,-2.5843008615554863,-2.6713403724891847,-3.0492471039162603,-2.9730372528938513
AGAAGACGACGATGA_6,AGAAGACGACGATGA,,,0,0,0,0,1,0,-6.0,-6.0,-6.0,-4.651307095244222,-6.0
AGATTCATCCCATGG_0,AGATTCATCCCATGG,-0.0586123846287789,0.0167728977351287,2,71,24,37,2,2,-3.2643954238523403,-3.377275888256154,-3.7263879388200905,-4.350277099580241,-4.856698688047469
AGATTCATCCCATGG_1,AGATTCATCCCATGG,-0.06748366446612894,0.009798020349057392,4,1184,251,600,57,93,-2.0423020701845145,-2.357813408486722,-2.5164384125034416,-2.8954322395717313,-3.189245735157515
AGATTCATCCCATGG_2,AGATTCATCCCATGG,,,0,1,0,0,0,0,-5.115653772571416,-6.0,-6.0,-6.0,-6.0
AGATTCATCCCATGG_3,AGATTCATCCCATGG,,,0,1,0,0,0,0,-5.115653772571416,-6.0,-6.0,-6.0,-6.0
AGATTCATCCCATGG_4,AGATTCATCCCATGG,,,0,1,0,0,0,0,-5.115653772571416,-6.0,-6.0,-6.0,-6.0
AGATTCATCCCATGG_5,AGATTCATCCCATGG,-0.07564058158417952,0.018863529498573856,4,247,47,106,17,14,-2.7229568193117495,-3.085389272032043,-3.269283797622315,-3.4208581738659487,-4.0116006480332125
AGATTCATCCCATGG_6,AGATTCATCCCATGG,-0.05214094722171658,0.003822353874591817,4,255,67,149,19,37,-2.7091135921374603,-2.931412327266934,-3.1214033944748114,-3.372553494291394,-3.5895269596444552
AGTGTATGATAATAT_0,AGTGTATGATAATAT,,,0,1,0,0,1,7,-5.115653772571416,-6.0,-6.0,-4.651307095244222,-4.312630643697194
AGTGTATGATAATAT_1,AGTGTATGATAATAT,,,0,3,0,0,0,0,-4.638532517851753,-6.0,-6.0,-6.0,-6.0
AGTGTATGATAATAT_2,AGTGTATGATAATAT,-0.004909848301000363,0.0068101818568807645,4,298,112,415,86,286,-2.64143750849516,-2.708269107297579,-2.6765415661749925,-2.716808644000655,-2.701362650582407
AGTGTATGATAATAT_3,AGTGTATGATAATAT,-0.0018369141727468503,0.0057190199008002865,4,997,551,1762,349,1082,-2.1169586142597594,-2.0163355311159754,-2.048583758811056,-2.1084816682850427,-2.1235014229408997
AGTGTATGATAATAT_4,AGTGTATGATAATAT,0.001025601318165092,0.005399817325858275,4,544,302,911,210,662,-2.3800548728732354,-2.2774801870106094,-2.335071285914087,-2.3290878005103033,-2.3368706942717505
AGTGTATGATAATAT_5,AGTGTATGATAATAT,0.00013972423004058373,0.007049311747811434,4,275,149,415,97,323,-2.676321078741153,-2.5843008615554863,-2.6765415661749925,-2.664535360977978,-2.6485261613803472
AGTGTATGATAATAT_6,AGTGTATGATAATAT,-0.004686874992463518,0.017562820604752276,3,33,21,47,9,34,-3.5971398326935278,-3.435267835233841,-3.622491804951368,-3.697064585804898,-3.6262497666691953
AGTGTTAATCAGACC_0,AGTGTTAATCAGACC,,,0,2,0,0,0,0,-4.8146237769074345,-6.0,-6.0,-6.0,-6.0
AGTGTTAATCAGACC_1,AGTGTTAATCAGACC,-0.11765335959633977,0.014709457665565216,2,100,12,16,0,0,-3.1156537725714153,-3.6783058839201352,-4.090469680231161,-6.0,-6.0
AGTGTTAATCAGACC_2,AGTGTTAATCAGACC,-0.013865760765878088,0.002792100770036057,4,1139,482,1347,274,764,-2.059130048492315,-2.0744400917289108,-2.1652220671640996,-2.213556532423835,-2.2746353251357605
AGTGTTAATCAGACC_3,AGTGTTAATCAGACC,-0.045925792889956615,0.005749807526184957,2,67,22,45,1,4,-3.289578969870589,-3.415064449145554,-3.6413771491117415,-4.651307095244222,-4.555668692383488
AGTGTTAATCAGACC_4,AGTGTTAATCAGACC,-0.07523812419086885,0.016497476277761883,4,625,162,171,29,36,-2.3197737552273403,-2.547972115425129,-3.0615935524949314,-3.1889090973452667,-3.601426182944163
AGTGTTAATCAGACC_5,AGTGTTAATCAGACC,,,0,9,0,0,0,0,-4.1614112631320905,-6.0,-6.0,-6.0,-6.0
AGTGTTAATCAGACC_6,AGTGTTAATCAGACC,-0.0067738439412354575,0.0031150523813110744,4,2060,915,2819,674,1835,-1.8017865522022618,-1.7960660359013119,-1.844494587015483,-1.822647198708903,-1.8940926151233421
AGTTTATAAAAAATT_0,AGTTTATAAAAAATT,,,0,2,0,0,0,0,-4.8146237769074345,-6.0,-6.0,-6.0,-6.0
AGTTTATAAAAAATT_1,AGTTTATAAAAAATT,,,0,1,0,0,0,0,-5.115653772571416,-6.0,-6.0,-6.0,-6.0
AGTTTATAAAAAATT_2,AGTTTATAAAAAATT,-0.07232988551515884,0.01874969381565025,4,170,66,110,13,11,-2.885204851193141,-2.9379431944258916,-3.25319697772886,-3.537363742937386,-4.116335998553225
AGTTTATAAAAAATT_3,AGTTTATAAAAAATT,,,0,1,0,0,0,0,-5.115653772571416,-6.0,-6.0,-6.0,-6.0
AGTTTATAAAAAATT_4,AGTTTATAAAAAATT,-0.005296432434775554,0.0,1,24,8,37,3,2,-3.7354425308598094,-3.8543971429758166,-3.7263879388200905,-4.174185840524561,-4.856698688047469
AGTTTATAAAAAATT_5,AGTTTATAAAAAATT,,,0,1,0,0,0,0,-5.115653772571416,-6.0,-6.0,-6.0,-6.0
AGTTTATAAAAAATT_6,AGTTTATAAAAAATT,,,0,1,0,0,0,0,-5.115653772571416,-6.0,-6.0,-6.0,-6.0
ATAATTTTCATCCAC_1,ATAATTTTCATCCAC,-0.02716301860318928,0.0172365735567906,3,93,23,65,16,7,-3.14717082401748,-3.3957592939501673,-3.4816763062442297,-3.447187112588298,-4.312630643697194
ATAATTTTCATCCAC_2,ATAATTTTCATCCAC,-0.04418166086417599,0.0,1,24,7,17,1,2,-3.7354425308598094,-3.9123890899535034,-4.064140741508812,-4.651307095244222,-4.856698688047469
ATAATTTTCATCCAC_3,ATAATTTTCATCCAC,-0.02662235000194553,0.014690261417620126,4,149,55,200,22,60,-2.9424675041591413,-3.0171244404735162,-2.993559667223104,-3.3088844144220166,-3.379577433327807
ATAATTTTCATCCAC_4,ATAATTTTCATCCAC,,,0,1,0,0,0,0,-5.115653772571416,-6.0,-6.0,-6.0,-6.0
ATAATTTTCATCCAC_5,ATAATTTTCATCCAC,,,0,1,0,0,0,0,-5.115653772571416,-6.0,-6.0,-6.0,-6.0
ATAGAGCGGCGTTGA_0,ATAGAGCGGCGTTGA,,,0,2,0,0,0,0,-4.8146237769074345,-6.0,-6.0,-6.0,-6.0
ATAGAGCGGCGTTGA_1,ATAGAGCGGCGTTGA,,,0,3,0,0,0,0,-4.638532517851753,-6.0,-6.0,-6.0,-6.0
ATAGAGCGGCGTTGA_2,ATAGAGCGGCGTTGA,,,0,9,4,20,0,5,-4.1614112631320905,-4.155427138639798,-3.993559667223104,-6.0,-4.458758679375432
ATAGAGCGGCGTTGA_3,ATAGAGCGGCGTTGA,,,0,3,0,0,0,0,-4.638532517851753,-6.0,-6.0,-6.0,-6.0
ATAGAGCGGCGTTGA_4,ATAGAGCGGCGTTGA,,,0,3,0,0,0,0,-4.638532517851753,-6.0,-6.0,-6.0,-6.0
ATAGAGCGGCGTTGA_5,ATAGAGCGGCGTTGA,-0.03393957436243533,0.004868762472816682,4,792,278,591,107,238,-2.216928590981922,-2.313442334049684,-2.52300218200583,-2.621923317559013,-2.7811517266549384
ATAGAGCGGCGTTGA_6,ATAGAGCGGCGTTGA,-0.0312200623284669,0.005411628364628423,4,391,114,320,56,131,-2.5234770151755486,-2.7005822786312876,-2.789439684567179,-2.903119068238022,-3.040457388055686
ATAGTCGATTAAGAT_0,ATAGTCGATTAAGAT,,,0,2,0,0,0,0,-4.8146237769074345,-6.0,-6.0,-6.0,-6.0
ATAGTCGATTAAGAT_1,ATAGTCGATTAAGAT,,,0,23,5,6,0,0,-3.7539259365538222,-4.058517125631742,-4.516438412503442,-6.0,-6.0
ATAGTCGATTAAGAT_2,ATAGTCGATTAAGAT,,,0,1,0,0,0,0,-5.115653772571416,-6.0,-6.0,-6.0,-6.0
ATAGTCGATTAAGAT_3,ATAGTCGATTAAGAT,,,0,1,0,0,0,0,-5.115653772571416,-6.0,-6.0,-6.0,-6.0
ATAGTCGATTAAGAT_4,ATAGTCGATTAAGAT,,,0,1,0,0,0,0,-5.115653772571416,-6.0,-6.0,-6.0,-6.0
ATAGTCGATTAAGAT_5,ATAGTCGATTAAGAT,,,0,1,0,0,0,0,-5.115653772571416,-6.0,-6.0,-6.0,-6.0
ATAGTCGATTAAGAT_6,ATAGTCGATTAAGAT,,,0,2,0,0,0,0,-4.8146237769074345,-6.0,-6.0,-6.0,-6.0
ATATTGAGTAAGTAC_1,ATATTGAGTAAGTAC,-0.035491232399364525,0.00589772313666259,3,91,33,87,7,22,-3.156612380250322,-3.238973190089873,-3.3550704102684668,-3.806209055229966,-3.815306002889244
ATATTGAGTAAGTAC_2,ATATTGAGTAAGTAC,-0.037095694583053986,0.0064469877412666275,4,185,69,139,25,49,-2.8484820441684016,-2.918638039230505,-3.15157486263299,-3.2533670865721853,-3.467532603682937
ATATTGAGTAAGTAC_3,ATATTGAGTAAGTAC,,,0,1,0,0,0,0,-5.115653772571416,-6.0,-6.0,-6.0,-6.0
ATCGTTGGCATTTGG_0,ATCGTTGGCATTTGG,-0.11252247390690376,0.015347214779585897,2,502,97,89,2,1,-2.414950055426396,-2.7707153957015156,-3.3451996562421726,-4.350277099580241,-5.157728683711451
ATCGTTGGCATTTGG_1,ATCGTTGGCATTTGG,-0.11357870788378065,0.03186556423867106,2,265,64,46,1,1,-2.6924078986346074,-2.951307155983873,-3.631831831205511,-4.651307095244222,-5.157728683711451
ATCGTTGGCATTTGG_2,ATCGTTGGCATTTGG,-0.08317748897087146,0.00718954089774477,2,69,13,22,1,1,-3.27680468183416,-3.6435437776609234,-3.952166982064879,-4.651307095244222,-5.157728683711451
ATCGTTGGCATTTGG_3,ATCGTTGGCATTTGG,-0.1342890284563662,0.016322660193392197,2,863,136,99,6,9,-2.1796429768562056,-2.623948221597543,-3.2989544682895353,-3.873155844860579,-4.2034861742721255
ATCGTTGGCATTTGG_4,ATCGTTGGCATTTGG,-0.12664807815315698,0.022140354541226783,2,823,152,110,4,5,-2.2002539373591454,-2.5756435420229877,-3.25319697772886,-4.049247103916261,-4.458758679375432
ATCGTTGGCATTTGG_5,ATCGTTGGCATTTGG,,,0,2,0,0,0,0,-4.8146237769074345,-6.0,-6.0,-6.0,-6.0
ATCGTTGGCATTTGG_6,ATCGTTGGCATTTGG,-0.13549510615334465,0.011022640720244763,2,893,129,100,5,1,-2.164802313682869,-2.646897419668511,-3.2945896628870854,-3.952337090908204,-5.157728683711451
ATGAAGTTCATAATG_1,ATGAAGTTCATAATG,,,0,1,0,0,0,0,-5.115653772571416,-6.0,-6.0,-6.0,-6.0
ATGAAGTTCATAATG_2,ATGAAGTTCATAATG,-0.007947045120689623,0.0029226334288942413,4,1666,707,2371,472,1416,-1.8939787755006465,-1.9080677161708608,-1.919658108908897,-1.977365096610135,-2.0066654303577
ATGGCGATGGTCTTG_0,ATGGCGATGGTCTTG,,,0,1,0,0,0,0,-5.115653772571416,-6.0,-6.0,-6.0,-6.0
ATGGCGATGGTCTTG_1,ATGGCGATGGTCTTG,-0.009950147596569226,0.005488153901401654,4,645,320,1008,220,506,-2.3060940579361477,-2.252337151647854,-2.2911291307775787,-2.3088844144220166,-2.453578166871651
ATGGCGATGGTCTTG_2,ATGGCGATGGTCTTG,-0.02423480118330177,0.012783251237436156,4,158,73,164,40,70,-2.9169966856169927,-2.8941642698473045,-3.0797458148393875,-3.0492471039162603,-3.3126306436971933
ATGGCGATGGTCTTG_3,ATGGCGATGGTCTTG,,,0,2,0,0,0,0,-4.8146237769074345,-6.0,-6.0,-6.0,-6.0
ATGGCGATGGTCTTG_4,ATGGCGATGGTCTTG,,,0,14,3,7,2,7,-3.969525736893177,-4.280365875248098,-4.449491622872828,-4.350277099580241,-4.312630643697194
ATGGCGATGGTCTTG_5,ATGGCGATGGTCTTG,,,0,1,0,0,0,0,-5.115653772571416,-6.0,-6.0,-6.0,-6.0
ATGGCGATGGTCTTG_6,ATGGCGATGGTCTTG,-0.007906069809671346,0.003685268244739472,4,787,333,1225,256,670,-2.2196790402123505,-2.23504289646144,-2.206453574186534,-2.2430671299323732,-2.3316538810106238
ATTAATACTTTGCAG_1,ATTAATACTTTGCAG,-0.10840166353610343,0.0,1,51,9,10,0,2,-3.408083596473479,-3.803244620528435,-4.294589662887085,-6.0,-4.856698688047469
ATTAATACTTTGCAG_2,ATTAATACTTTGCAG,,,0,1,0,0,0,0,-5.115653772571416,-6.0,-6.0,-6.0,-6.0
ATTATCAAGTGCCAG_0,ATTATCAAGTGCCAG,0.0011485296331000814,0.0040817957560332465,4,323,160,495,124,395,-2.6064512502403123,-2.5533671473118353,-2.5999844639535166,-2.5578854100819877,-2.56113158808499
ATTATCAAGTGCCAG_1,ATTATCAAGTGCCAG,0.0032190012011684924,0.011051707803083885,4,207,102,294,62,275,-2.7996834271144975,-2.748886958205843,-2.8262423324749277,-2.858915405745969,-2.718395989881188
ATTATCAAGTGCCAG_2,ATTATCAAGTGCCAG,,,0,1,0,0,0,0,-5.115653772571416,-6.0,-6.0,-6.0,-6.0
ATTATCAAGTGCCAG_3,ATTATCAAGTGCCAG,0.009848385373599331,0.00202590177652661,4,235,116,454,119,407,-2.744585910299679,-2.6930291407408418,-2.637533810029981,-2.575760133851692,-2.5481342744862303
ATTATCAAGTGCCAG_4,ATTATCAAGTGCCAG,,,0,1,0,0,0,0,-5.115653772571416,-6.0,-6.0,-6.0,-6.0
ATTATCAAGTGCCAG_5,ATTATCAAGTGCCAG,,,0,1,0,0,0,0,-5.115653772571416,-6.0,-6.0,-6.0,-6.0
ATTATCAAGTGCCAG_6,ATTATCAAGTGCCAG,,,0,1,0,0,0,0,-5.115653772571416,-6.0,-6.0,-6.0,-6.0
ATTATCATCGCCATC_0,ATTATCATCGCCATC,,,0,1,0,0,0,0,-5.115653772571416,-6.0,-6.0,-6.0,-6.0
ATTATCATCGCCATC_1,ATTATCATCGCCATC,,,0,2,0,0,0,0,-4.8146237769074345,-6.0,-6.0,-6.0,-6.0
ATTATCATCGCCATC_2,ATTATCATCGCCATC,,,0,2,0,0,0,0,-4.8146237769074345,-6.0,-6.0,-6.0,-6.0
ATTATCATCGCCATC_3,ATTATCATCGCCATC,,,0,2,0,0,0,0,-4.8146237769074345,-6.0,-6.0,-6.0,-6.0
ATTATCATCGCCATC_4,ATTATCATCGCCATC,,,0,1,0,0,0,0,-5.115653772571416,-6.0,-6.0,-6.0,-6.0
ATTATCATCGCCATC_5,ATTATCATCGCCATC,,,0,1,0,0,0,0,-5.115653772571416,-6.0,-6.0,-6.0,-6.0
ATTATCATCGCCATC_6,ATTATCATCGCCATC,,,0,1,0,0,0,0,-5.115653772571416,-6.0,-6.0,-6.0,-6.0
CAAGGATCCCCGTAG_1,CAAGGATCCCCGTAG,-0.00785616971235914,0.0044412311384906976,4,313,150,532,109,267,-2.620109435024967,-2.581395870912079,-2.568678030592037,-2.613880597303599,-2.7312174223468753
CAAGGATCCCCGTAG_2,CAAGGATCCCCGTAG,,,0,1,0,0,0,0,-5.115653772571416,-6.0,-6.0,-6.0,-6.0
CAAGGATCCCCGTAG_3,CAAGGATCCCCGTAG,,,0,2,0,0,0,0,-4.8146237769074345,-6.0,-6.0,-6.0,-6.0
CAAGGATCCCCGTAG_4,CAAGGATCCCCGTAG,,,0,1,0,0,0,0,-5.115653772571416,-6.0,-6.0,-6.0,-6.0
CAAGTTCGGCGAAAT_0,CAAGTTCGGCGAAAT,,,0,2,0,0,0,0,-4.8146237769074345,-6.0,-6.0,-6.0,-6.0
CAAGTTCGGCGAAAT_1,CAAGTTCGGCGAAAT,,,0,2,0,0,0,0,-4.8146237769074345,-6.0,-6.0,-6.0,-6.0
CAAGTTCGGCGAAAT_2,CAAGTTCGGCGAAAT,,,0,5,0,0,0,0,-4.416683768235396,-6.0,-6.0,-6.0,-6.0
CAAGTTCGGCGAAAT_3,CAAGTTCGGCGAAAT,,,0,1,0,0,0,0,-5.115653772571416,-6.0,-6.0,-6.0,-6.0
CAAGTTCGGCGAAAT_4,CAAGTTCGGCGAAAT,,,0,1,0,0,0,0,-5.115653772571416,-6.0,-6.0,-6.0,-6.0
CAAGTTCGGCGAAAT_5,CAAGTTCGGCGAAAT,,,0,1,0,0,0,0,-5.115653772571416,-6.0,-6.0,-6.0,-6.0
CAAGTTCGGCGAAAT_6,CAAGTTCGGCGAAAT,,,0,1,0,0,0,0,-5.115653772571416,-6.0,-6.0,-6.0,-6.0
CAATCTTGAATTGAT_1,CAATCTTGAATTGAT,,,0,2,0,0,0,0,-4.8146237769074345,-6.0,-6.0,-6.0,-6.0
CAATCTTGAATTGAT_2,CAATCTTGAATTGAT,-0.04699026111967464,0.006588621015728562,4,129,31,74,12,23,-3.0050640622721665,-3.2661254361334877,-3.425357943156109,-3.572125849196598,-3.7960008476938576
CAATCTTGAATTGAT_3,CAATCTTGAATTGAT,,,0,2,0,0,0,0,-4.8146237769074345,-6.0,-6.0,-6.0,-6.0
CAATCTTGAATTGAT_4,CAATCTTGAATTGAT,,,0,1,0,0,0,0,-5.115653772571416,-6.0,-6.0,-6.0,-6.0
CAATCTTGAATTGAT_5,CAATCTTGAATTGAT,,,0,10,3,2,0,0,-4.115653772571416,-4.280365875248098,-4.993559667223104,-6.0,-6.0
CAATTTCAACGTTGT_1,CAATTTCAACGTTGT,-0.05321605935489169,0.012185134647134891,3,127,27,70,10,4,-3.0118500516154585,-3.326123365808773,-3.4494916228728285,-3.651307095244223,-4.555668692383488
CAATTTCAACGTTGT_2,CAATTTCAACGTTGT,-0.0391494517649628,0.01358663517237927,4,332,71,213,31,81,-2.594515688867379,-2.906228781248685,-2.9662100594483474,-3.15994540140995,-3.2492436648328007
CATATGCATTCCTTG_0,CATATGCATTCCTTG,,,0,1,0,0,0,0,-5.115653772571416,-6.0,-6.0,-6.0,-6.0
CATATGCATTCCTTG_1,CATATGCATTCCTTG,,,0,10,2,0,0,0,-4.115653772571416,-4.456457134303779,-6.0,-6.0,-6.0
CATATGCATTCCTTG_2,CATATGCATTCCTTG,,,0,1,0,0,0,0,-5.115653772571416,-6.0,-6.0,-6.0,-6.0
CATATGCATTCCTTG_3,CATATGCATTCCTTG,,,0,78,5,2,0,0,-3.223559169880935,-4.058517125631742,-4.993559667223104,-6.0,-6.0
CATATGCATTCCTTG_4,CATATGCATTCCTTG,,,0,78,6,3,0,1,-3.223559169880935,-3.9793358795841165,-4.817468408167423,-6.0,-5.157728683711451
CATATGCATTCCTTG_5,CATATGCATTCCTTG,,,0,7,0,0,0,0,-4.270555732557159,-6.0,-6.0,-6.0,-6.0
CATATGCATTCCTTG_6,CATATGCATTCCTTG,,,0,1,0,0,0,0,-5.115653772571416,-6.0,-6.0,-6.0,-6.0
CATCAATGAGGCAGT_0,CATCAATGAGGCAGT,,,0,1,0,0,0,0,-5.115653772571416,-6.0,-6.0,-6.0,-6.0
CATCAATGAGGCAGT_1,CATCAATGAGGCAGT,-0.15179376973457814,0.03150773357141611,2,433,71,35,0,1,-2.4791658762180497,-2.906228781248685,-3.7505216185368098,-6.0,-5.157728683711451
CATCAATGAGGCAGT_2,CATCAATGAGGCAGT,,,0,109,9,3,0,0,-3.0782272746307915,-3.803244620528435,-4.817468408167423,-6.0,-6.0
CATCAATGAGGCAGT_3,CATCAATGAGGCAGT,,,0,2,0,0,0,0,-4.8146237769074345,-6.0,-6.0,-6.0,-6.0
CATCAATGAGGCAGT_4,CATCAATGAGGCAGT,,,0,49,2,0,0,0,-3.4254576925429014,-4.456457134303779,-6.0,-6.0,-6.0
CATCAATGAGGCAGT_5,CATCAATGAGGCAGT,-0.15356751728791418,0.011019228331712035,2,282,34,22,5,2,-2.6654046642520544,-3.226008212925505,-3.952166982064879,-3.952337090908204,-4.856698688047469
CATCAATGAGGCAGT_6,CATCAATGAGGCAGT,,,0,69,5,3,0,0,-3.27680468183416,-4.058517125631742,-4.817468408167423,-6.0,-6.0
CATCACCGTGCTCAT_1,CATCACCGTGCTCAT,,,0,1,0,0,0,0,-5.115653772571416,-6.0,-6.0,-6.0,-6.0
CATCACCGTGCTCAT_2,CATCACCGTGCTCAT,-0.11652761001099216,0.0,1,84,4,14,0,0,-3.1913744865095337,-4.155427138639798,-4.148461627208848,-6.0,-6.0
CATCACCGTGCTCAT_3,CATCACCGTGCTCAT,-0.10073496254006828,0.0,1,70,5,16,1,0,-3.2705557325571584,-4.058517125631742,-4.090469680231161,-4.651307095244222,-6.0
CATCACCGTGCTCAT_4,CATCACCGTGCTCAT,,,0,1,0,0,0,0,-5.115653772571416,-6.0,-6.0,-6.0,-6.0
CATTGTCGGACGCTT_1,CATTGTCGGACGCTT,,,0,36,8,8,0,0,-3.559351271804128,-3.8543971429758166,-4.391499675895142,-6.0,-6.0
CATTGTCGGACGCTT_2,CATTGTCGGACGCTT,-0.058553664715981765,0.04126989830506268,2,23,11,12,0,0,-3.7539259365538222,-3.716094444809535,-4.215408416839461,-6.0,-6.0
CATTGTCGGACGCTT_3,CATTGTCGGACGCTT,,,0,23,3,9,3,5,-3.7539259365538222,-4.280365875248098,-4.340347153447761,-4.174185840524561,-4.458758679375432
CATTGTCGGACGCTT_4,CATTGTCGGACGCTT,,,0,1,0,0,0,0,-5.115653772571416,-6.0,-6.0,-6.0,-6.0
CATTGTCGGACGCTT_5,CATTGTCGGACGCTT,,,0,1,0,0,0,0,-5.115653772571416,-6.0,-6.0,-6.0,-6.0
CATTGTCGGACGCTT_6,CATTGTCGGACGCTT,,,0,1,0,0,0,0,-5.115653772571416,-6.0,-6.0,-6.0,-6.0
CATTTATGGCTATCT_1,CATTTATGGCTATCT,,,0,1,0,0,0,0,-5.115653772571416,-6.0,-6.0,-6.0,-6.0
CATTTATGGCTATCT_2,CATTTATGGCTATCT,,,0,1,0,0,0,0,-5.115653772571416,-6.0,-6.0,-6.0,-6.0
CATTTATGGCTATCT_3,CATTTATGGCTATCT,,,0,3,0,0,0,0,-4.638532517851753,-6.0,-6.0,-6.0,-6.0
CATTTATGGCTATCT_4,CATTTATGGCTATCT,-0.005534559204586321,0.0022005873933693305,4,516,236,836,180,483,-2.403004070944204,-2.3845751269976536,-2.3723833854480687,-2.396034590140917,-2.473781552959938
CCAACACAGGCTTCG_0,CCAACACAGGCTTCG,-0.048405263279562134,0.0054333770408832825,3,100,29,71,9,15,-3.1156537725714153,-3.2950891320688043,-3.44333131416801,-3.697064585804898,-3.981637424655769
CCAACACAGGCTTCG_1,CCAACACAGGCTTCG,,,0,1,0,0,0,0,-5.115653772571416,-6.0,-6.0,-6.0,-6.0
CCAACACAGGCTTCG_2,CCAACACAGGCTTCG,,,0,1,0,0,0,0,-5.115653772571416,-6.0,-6.0,-6.0,-6.0
CCAACACAGGCTTCG_3,CCAACACAGGCTTCG,-0.05067736083140136,0.023564413325777744,4,91,15,44,11,14,-3.156612380250322,-3.581395870912079,-3.651136986400898,-3.609914410085998,-4.0116006480332125
CCAACACAGGCTTCG_4,CCAACACAGGCTTCG,-0.045557500515251016,0.03250348035538905,4,143,44,40,15,27,-2.9603177351063534,-3.114034453481573,-3.692529671559123,-3.4752158361885415,-3.726364919552463
CCAACACAGGCTTCG_5,CCAACACAGGCTTCG,,,0,1,0,0,0,0,-5.115653772571416,-6.0,-6.0,-6.0,-6.0
CCAACACAGGCTTCG_6,CCAACACAGGCTTCG,,,0,2,0,0,0,0,-4.8146237769074345,-6.0,-6.0,-6.0,-6.0
CCAAGACCGTGTAAA_1,CCAAGACCGTGTAAA,,,0,1,0,0,0,0,-5.115653772571416,-6.0,-6.0,-6.0,-6.0
CCAAGACCGTGTAAA_2,CCAAGACCGTGTAAA,,,0,1,0,0,0,0,-5.115653772571416,-6.0,-6.0,-6.0,-6.0
CCAGGATGTACCGCC_0,CCAGGATGTACCGCC,-0.0067356110982975,0.007131754177082801,3,27,11,43,5,22,-3.684290008412428,-3.716094444809535,-3.661121207307499,-3.952337090908204,-3.815306002889244
CCAGGATGTACCGCC_1,CCAGGATGTACCGCC,0.0057663551949768575,0.0062405387886887926,4,845,473,1594,337,1243,-2.188797063621723,-2.082625989229949,-2.092101345826992,-2.1236771943728843,-2.0632575550698053
CCAGGATGTACCGCC_2,CCAGGATGTACCGCC,0.009840132884023413,0.008642368100033949,4,134,61,316,78,232,-2.9885489742066076,-2.972157294956993,-2.7949025802686815,-2.7592124925537425,-2.792240698820551
CCAGGATGTACCGCC_3,CCAGGATGTACCGCC,0.0002204440843888607,0.008016458572145908,4,157,61,226,49,185,-2.9197541201621817,-2.972157294956993,-2.9404812237396842,-2.961111015215709,-2.8905569553084365
CCAGGATGTACCGCC_4,CCAGGATGTACCGCC,0.008556732923873291,0.00332821940622157,4,425,247,923,230,699,-2.4872648425211037,-2.3647901767080945,-2.329387961861173,-2.2895792592266297,-2.3132515079657687
CCAGGATGTACCGCC_5,CCAGGATGTACCGCC,0.005044815658173618,0.0020030123536589526,4,2195,1074,4139,957,3137,-1.7742192479932752,-1.7264828486042234,-1.6776942364863252,-1.6703951574673792,-1.6612141650137053
CCAGGATGTACCGCC_6,CCAGGATGTACCGCC,,,0,1,0,0,0,0,-5.115653772571416,-6.0,-6.0,-6.0,-6.0
CCGTTAGTATCGCTA_1,CCGTTAGTATCGCTA,,,0,1,0,0,0,0,-5.115653772571416,-6.0,-6.0,-6.0,-6.0
CCGTTAGTATCGCTA_2,CCGTTAGTATCGCTA,,,0,1,0,0,0,0,-5.115653772571416,-6.0,-6.0,-6.0,-6.0
CCGTTAGTATCGCTA_3,CCGTTAGTATCGCTA,-0.09294444007969813,0.001609257095631624,2,530,98,139,8,4,-2.391377902970626,-2.7662610542752653,-3.15157486263299,-3.748217108252279,-4.555668692383488
CCGTTAGTATCGCTA_4,CCGTTAGTATCGCTA,,,0,1,0,0,0,0,-5.115653772571416,-6.0,-6.0,-6.0,-6.0
CCGTTAGTATCGCTA_5,CCGTTAGTATCGCTA,,,0,7,1,0,0,0,-4.270555732557159,-4.75748712996776,-6.0,-6.0,-6.0
CGAACAGAAACACAA_1,CGAACAGAAACACAA,-0.047937032955482066,0.00986191491741282,2,62,16,40,0,2,-3.3232620830731614,-3.5533671473118353,-3.692529671559123,-6.0,-4.856698688047469
CGAACAGAAACACAA_2,CGAACAGAAACACAA,,,0,1,0,0,0,0,-5.115653772571416,-6.0,-6.0,-6.0,-6.0
CGAACAGAAACACAA_3,CGAACAGAAACACAA,-0.0785505915089479,0.009081487143172955,2,203,39,71,6,8,-2.8081577346582023,-3.166422522941261,-3.44333131416801,-3.873155844860579,-4.254638696719507
CGAATGCCATACAAA_1,CGAATGCCATACAAA,,,0,2,0,0,0,0,-4.8146237769074345,-6.0,-6.0,-6.0,-6.0
CGAATGCCATACAAA_2,CGAATGCCATACAAA,0.016831961624551094,0.0030119500290672428,4,231,119,508,139,529,-2.752041792679271,-2.6819401685752293,-2.588725950603166,-2.508292294990128,-2.4342730116762645
CGAATGCCATACAAA_3,CGAATGCCATACAAA,,,0,2,0,0,0,0,-4.8146237769074345,-6.0,-6.0,-6.0,-6.0
CGAATGCCATACAAA_4,CGAATGCCATACAAA,,,0,2,0,0,0,0,-4.8146237769074345,-6.0,-6.0,-6.0,-6.0
CGAATGCCATACAAA_5,CGAATGCCATACAAA,,,0,2,0,0,0,0,-4.8146237769074345,-6.0,-6.0,-6.0,-6.0
CGAATGCCATACAAA_6,CGAATGCCATACAAA,,,0,1,0,0,0,0,-5.115653772571416,-6.0,-6.0,-6.0,-6.0
CGATGATGATGATGA_0,CGATGATGATGATGA,,,0,1,0,0,0,0,-5.115653772571416,-6.0,-6.0,-6.0,-6.0
CGATGATGATGATGA_1,CGATGATGATGATGA,-0.0009209418525271568,0.0028687646535581193,4,827,425,1461,339,931,-2.1981482630188687,-2.1290981999174488,-2.1299394469527884,-2.1211073970411407,-2.1887790027301075
CGATGATGATGATGA_2,CGATGATGATGATGA,0.0046060497068211685,0.002792260817650313,4,559,277,1116,265,785,-2.368241964684992,-2.3150073609033117,-2.2469254682855255,-2.228061221307415,-2.262859026966198
CGATGATGATGATGA_3,CGATGATGATGATGA,,,0,1,0,0,0,0,-5.115653772571416,-6.0,-6.0,-6.0,-6.0
CGATGATGATGATGA_4,CGATGATGATGATGA,,,0,1,0,0,0,0,-5.115653772571416,-6.0,-6.0,-6.0,-6.0
CGATGATGATGATGA_5,CGATGATGATGATGA,,,0,2,0,0,0,0,-4.8146237769074345,-6.0,-6.0,-6.0,-6.0
CGATGATGATGATGA_6,CGATGATGATGATGA,-1.599755400838801e-06,0.009111951243385822,4,530,229,909,165,619,-2.391377902970626,-2.3976516476278724,-2.336025779665118,-2.4338231510303165,-2.366038034691332
CGCGATCAATCCTCT_1,CGCGATCAATCCTCT,,,0,12,3,3,0,0,-4.036472526523791,-4.280365875248098,-4.817468408167423,-6.0,-6.0
CGTCAAGACCTTCTA_0,CGTCAAGACCTTCTA,-0.027060825106317084,0.008884738565472089,4,139,47,124,18,55,-2.9726389723173203,-3.085389272032043,-3.2011679777248503,-3.396034590140917,-3.4173659942172065
CGTCAAGACCTTCTA_1,CGTCAAGACCTTCTA,-0.023966881673385187,0.010298552878546157,4,297,110,265,40,133,-2.642897323254203,-2.716094444809535,-2.8713437889502775,-3.0492471039162603,-3.0338770427443644
CGTCAAGACCTTCTA_2,CGTCAAGACCTTCTA,,,0,5,0,0,0,0,-4.416683768235396,-6.0,-6.0,-6.0,-6.0
CGTCAAGACCTTCTA_3,CGTCAAGACCTTCTA,,,0,5,1,3,0,0,-4.416683768235396,-4.75748712996776,-4.817468408167423,-6.0,-6.0
CGTCAAGACCTTCTA_4,CGTCAAGACCTTCTA,,,0,1,0,0,0,0,-5.115653772571416,-6.0,-6.0,-6.0,-6.0
CGTCAAGACCTTCTA_5,CGTCAAGACCTTCTA,,,0,1,0,0,0,0,-5.115653772571416,-6.0,-6.0,-6.0,-6.0
CGTCAAGACCTTCTA_6,CGTCAAGACCTTCTA,-0.03230927064625918,0.006371859012592633,4,106,39,90,18,34,-3.090347907306645,-3.166422522941261,-3.3403471534477602,-3.396034590140917,-3.6262497666691953
CTAAGCAGTCTTCTC_0,CTAAGCAGTCTTCTC,-0.11187308885769154,0.0,1,82,9,15,1,1,-3.2018399201876986,-3.803244620528435,-4.118498403831404,-4.651307095244222,-5.157728683711451
CTAAGCAGTCTTCTC_1,CTAAGCAGTCTTCTC,,,0,115,7,2,0,0,-3.0549559322178035,-3.9123890899535034,-4.993559667223104,-6.0,-6.0
CTAAGCAGTCTTCTC_2,CTAAGCAGTCTTCTC,,,0,79,6,4,1,1,-3.218026681280974,-3.9793358795841165,-4.6925296715591225,-4.651307095244222,-5.157728683711451
CTAAGCAGTCTTCTC_3,CTAAGCAGTCTTCTC,,,0,125,1,0,0,0,-3.018743759563359,-4.75748712996776,-6.0,-6.0,-6.0
CTAAGCAGTCTTCTC_4,CTAAGCAGTCTTCTC,,,0,23,6,2,2,0,-3.7539259365538222,-3.9793358795841165,-4.993559667223104,-4.350277099580241,-6.0
CTAAGCAGTCTTCTC_5,CTAAGCAGTCTTCTC,0.0040890763578921045,0.016798019187361797,4,679,391,1207,188,934,-2.2837839982909136,-2.1653103725718936,-2.212882392789736,-2.377149245980543,-2.187381807481357
CTAAGCAGTCTTCTC_6,CTAAGCAGTCTTCTC,,,0,3,0,0,0,0,-4.638532517851753,-6.0,-6.0,-6.0,-6.0
CTAAGTGTGAAGGAG_1,CTAAGTGTGAAGGAG,0.014291524008398412,0.011186635937018494,4,349,176,775,153,722,-2.5728283456122356,-2.5119744621536104,-2.405287960380775,-2.466615664426624,-2.2991914861418112
CTAAGTGTGAAGGAG_2,CTAAGTGTGAAGGAG,,,0,1,0,0,0,0,-5.115653772571416,-6.0,-6.0,-6.0,-6.0
CTAAGTGTGAAGGAG_3,CTAAGTGTGAAGGAG,,,0,1,0,0,0,0,-5.115653772571416,-6.0,-6.0,-6.0,-6.0
CTAAGTGTGAAGGAG_4,CTAAGTGTGAAGGAG,,,0,1,0,0,0,0,-5.115653772571416,-6.0,-6.0,-6.0,-6.0
CTAAGTGTGAAGGAG_5,CTAAGTGTGAAGGAG,,,0,1,0,0,0,0,-5.115653772571416,-6.0,-6.0,-6.0,-6.0
CTAAGTGTGAAGGAG_6,CTAAGTGTGAAGGAG,,,0,1,0,0,0,0,-5.115653772571416,-6.0,-6.0,-6.0,-6.0
CTACTTACAACGGAA_0,CTACTTACAACGGAA,0.010990455356887696,0.0023538375027122266,4,1865,964,3591,940,3381,-1.844974936426709,-1.7734100960649295,-1.739374257761012,-1.678179241644524,-1.6286835129456814
CTACTTACAACGGAA_1,CTACTTACAACGGAA,,,0,2,0,0,0,0,-4.8146237769074345,-6.0,-6.0,-6.0,-6.0
CTACTTACAACGGAA_2,CTACTTACAACGGAA,,,0,2,0,0,0,0,-4.8146237769074345,-6.0,-6.0,-6.0,-6.0
CTACTTACAACGGAA_3,CTACTTACAACGGAA,,,0,2,0,0,0,0,-4.8146237769074345,-6.0,-6.0,-6.0,-6.0
CTACTTACAACGGAA_4,CTACTTACAACGGAA,,,0,2,0,0,0,0,-4.8146237769074345,-6.0,-6.0,-6.0,-6.0
CTACTTACAACGGAA_5,CTACTTACAACGGAA,,,0,1,0,0,0,0,-5.115653772571416,-6.0,-6.0,-6.0,-6.0
CTACTTACAACGGAA_6,CTACTTACAACGGAA,,,0,2,0,0,0,0,-4.8146237769074345,-6.0,-6.0,-6.0,-6.0
CTAGTTGTATAGCCA_0,CTAGTTGTATAGCCA,-0.10972310808750783,0.02542983233316081,2,96,22,18,0,2,-3.133382539531847,-3.415064449145554,-4.039317157783779,-6.0,-4.856698688047469
CTAGTTGTATAGCCA_1,CTAGTTGTATAGCCA,-0.06798866415308095,0.0,1,75,9,33,0,6,-3.240592509179715,-3.803244620528435,-3.776075723009198,-6.0,-4.379577433327807
CTAGTTGTATAGCCA_2,CTAGTTGTATAGCCA,-0.09058911803380483,0.01283948160134678,2,291,47,80,7,6,-2.651760783585508,-3.085389272032043,-3.3914996758951417,-3.806209055229966,-4.379577433327807
CTAGTTGTATAGCCA_3,CTAGTTGTATAGCCA,-0.07853406547491787,0.014122150048984731,4,515,87,110,18,26,-2.403846543530224,-2.8179678773491417,-3.25319697772886,-3.396034590140917,-3.7427553357406325
CTAGTTGTATAGCCA_4,CTAGTTGTATAGCCA,,,0,1,0,0,0,0,-5.115653772571416,-6.0,-6.0,-6.0,-6.0
CTAGTTGTATAGCCA_5,CTAGTTGTATAGCCA,,,0,1,0,0,0,0,-5.115653772571416,-6.0,-6.0,-6.0,-6.0
CTAGTTGTATAGCCA_6,CTAGTTGTATAGCCA,-0.07186966736811473,0.0018023049949753888,3,196,47,77,8,13,-2.8233977012149394,-3.085389272032043,-3.4080989377146036,-3.748217108252279,-4.043785331404614
CTATCAAGGCTTAAT_0,CTATCAAGGCTTAAT,,,0,1,0,0,0,0,-5.115653772571416,-6.0,-6.0,-6.0,-6.0
CTATCAAGGCTTAAT_1,CTATCAAGGCTTAAT,,,0,1,0,0,0,0,-5.115653772571416,-6.0,-6.0,-6.0,-6.0
CTATCAAGGCTTAAT_2,CTATCAAGGCTTAAT,,,0,1,0,0,0,0,-5.115653772571416,-6.0,-6.0,-6.0,-6.0
CTATCAAGGCTTAAT_3,CTATCAAGGCTTAAT,,,0,2,0,0,0,0,-4.8146237769074345,-6.0,-6.0,-6.0,-6.0
CTATCAAGGCTTAAT_4,CTATCAAGGCTTAAT,,,0,1,0,0,0,0,-5.115653772571416,-6.0,-6.0,-6.0,-6.0
CTATCAAGGCTTAAT_5,CTATCAAGGCTTAAT,,,0,2,0,0,0,0,-4.8146237769074345,-6.0,-6.0,-6.0,-6.0
CTATCAAGGCTTAAT_6,CTATCAAGGCTTAAT,,,0,1,0,0,0,0,-5.115653772571416,-6.0,-6.0,-6.0,-6.0
CTATGCATTTACTCA_1,CTATGCATTTACTCA,,,0,2,0,0,0,0,-4.8146237769074345,-6.0,-6.0,-6.0,-6.0
CTATGCATTTACTCA_2,CTATGCATTTACTCA,,,0,1,0,0,0,0,-5.115653772571416,-6.0,-6.0,-6.0,-6.0
CTATGCATTTACTCA_3,CTATGCATTTACTCA,,,0,1,0,0,0,0,-5.115653772571416,-6.0,-6.0,-6.0,-6.0
CTATGCATTTACTCA_4,CTATGCATTTACTCA,,,0,1,0,0,0,0,-5.115653772571416,-6.0,-6.0,-6.0,-6.0
CTATGCATTTACTCA_5,CTATGCATTTACTCA,,,0,1,0,0,0,0,-5.115653772571416,-6.0,-6.0,-6.0,-6.0
CTCGCTAATACTCCT_0,CTCGCTAATACTCCT,0.011697083000473084,0.0026624222738832514,4,2227,1114,4598,1162,4153,-1.7679335555373772,-1.7106019391300502,-1.632020695953825,-1.586100967189911,-1.5393667526015722
CTCGCTAATACTCCT_1,CTCGCTAATACTCCT,0.012881268279493395,0.003026215882393393,4,4586,2485,10097,2424,8967,-1.4542197221774953,-1.3621607368984092,-1.290397306627371,-1.266774479749974,-1.2050815139525073
CTCGCTAATACTCCT_2,CTCGCTAATACTCCT,0.009187556745048607,0.005784204414182217,4,980,454,1647,417,1653,-2.1244276968789206,-2.100431277110656,-2.077896063717331,-2.0311710402704652,-1.939455830140003
CTCGCTAATACTCCT_3,CTCGCTAATACTCCT,0.00942189102233253,0.003503587450022233,4,1298,613,2456,618,2210,-2.002379080107065,-1.9700266554493453,-1.9043613004179551,-1.860318620155407,-1.8133364100263396
CTCGCTAATACTCCT_4,CTCGCTAATACTCCT,0.009054447753254924,0.005241008859829321,4,1620,709,2879,769,2718,-1.9061387580287843,-1.9068408947846938,-1.8353479980090033,-1.7653807554427916,-1.723479231314975
CTCGCTAATACTCCT_5,CTCGCTAATACTCCT,,,0,5,0,0,0,0,-4.416683768235396,-6.0,-6.0,-6.0,-6.0
CTCGCTAATACTCCT_6,CTCGCTAATACTCCT,0.008514735855967015,0.0021951368174207087,4,1645,802,3038,791,2701,-1.899487870285422,-1.8533127616835967,-1.8120018933603177,-1.7531306117465462,-1.7262040995239993
CTCTTGAGAATACTT_1,CTCTTGAGAATACTT,,,0,27,2,1,0,0,-3.684290008412428,-4.456457134303779,-5.294589662887085,-6.0,-6.0
CTCTTGAGAATACTT_2,CTCTTGAGAATACTT,,,0,1,0,0,0,0,-5.115653772571416,-6.0,-6.0,-6.0,-6.0
CTCTTGAGAATACTT_3,CTCTTGAGAATACTT,,,0,2,0,0,0,0,-4.8146237769074345,-6.0,-6.0,-6.0,-6.0
CTCTTGAGAATACTT_4,CTCTTGAGAATACTT,,,0,1,0,0,0,0,-5.115653772571416,-6.0,-6.0,-6.0,-6.0
CTCTTGAGAATACTT_5,CTCTTGAGAATACTT,,,0,1,0,0,0,0,-5.115653772571416,-6.0,-6.0,-6.0,-6.0
CTGATTTGTGCTGTC_1,CTGATTTGTGCTGTC,,,0,1,0,0,0,0,-5.115653772571416,-6.0,-6.0,-6.0,-6.0
CTGATTTGTGCTGTC_2,CTGATTTGTGCTGTC,,,0,2,0,0,0,0,-4.8146237769074345,-6.0,-6.0,-6.0,-6.0
CTGATTTGTGCTGTC_3,CTGATTTGTGCTGTC,,,0,1,0,0,0,0,-5.115653772571416,-6.0,-6.0,-6.0,-6.0
CTGATTTGTGCTGTC_4,CTGATTTGTGCTGTC,,,0,1,0,0,0,0,-5.115653772571416,-6.0,-6.0,-6.0,-6.0
CTGATTTGTGCTGTC_5,CTGATTTGTGCTGTC,,,0,1,0,0,0,0,-5.115653772571416,-6.0,-6.0,-6.0,-6.0
CTTGATCAATCAAAA_0,CTTGATCAATCAAAA,-0.018912548539718042,0.00650255161795499,4,135,47,120,26,74,-2.985320004076409,-3.085389272032043,-3.2154084168394603,-3.2363337472734046,-3.288496963980474
CTTGATCAATCAAAA_1,CTTGATCAATCAAAA,-0.02230083427008062,0.011371651394619856,3,40,12,34,6,24,-3.513593781243453,-3.6783058839201352,-3.76311074584483,-3.873155844860579,-3.7775174419998443
CTTGATCAATCAAAA_2,CTTGATCAATCAAAA,-0.026566358937107903,0.004342822967036319,4,223,90,246,45,90,-2.7673489095232546,-2.803244620528435,-2.903654555783706,-2.998094581468879,-3.2034861742721255
CTTGATCAATCAAAA_3,CTTGATCAATCAAAA,-0.0114743667538171,0.0060874685797597606,4,84,33,117,27,62,-3.1913744865095337,-3.238973190089873,-3.2264038011409237,-3.2199433310852354,-3.3653369942131963
CTTGATCAATCAAAA_4,CTTGATCAATCAAAA,-0.01101082578443926,0.003218695795540789,4,262,105,319,66,197,-2.69735248125167,-2.736297830897822,-2.790798979829904,-2.831763159702354,-2.8632624575498573
CTTGATCAATCAAAA_5,CTTGATCAATCAAAA,-0.04128503708703898,0.011660994102052466,4,250,93,234,42,56,-2.717713763899378,-2.789004181413825,-2.9253738054769425,-3.0280578048463225,-3.40954065670525
CTTGATCAATCAAAA_6,CTTGATCAATCAAAA,,,0,3,0,0,0,0,-4.638532517851753,-6.0,-6.0,-6.0,-6.0
CTTGATGGCTGAAAG_0,CTTGATGGCTGAAAG,-0.017780957885023048,0.014673489319794944,4,136,60,138,20,78,-2.982114864201198,-2.9793358795841165,-3.154710576485849,-3.3502770995802416,-3.26563408102097
CTTGATGGCTGAAAG_1,CTTGATGGCTGAAAG,-0.02073020187466299,0.005860874822995036,4,618,220,550,110,315,-2.3246652974825994,-2.415064449145554,-2.5542269733928413,-2.609914410085998,-2.65941812992185
CTTGATGGCTGAAAG_2,CTTGATGGCTGAAAG,,,0,2,0,0,0,0,-4.8146237769074345,-6.0,-6.0,-6.0,-6.0
CTTGATGGCTGAAAG_3,CTTGATGGCTGAAAG,,,0,1,0,0,0,0,-5.115653772571416,-6.0,-6.0,-6.0,-6.0
CTTGATGGCTGAAAG_4,CTTGATGGCTGAAAG,,,0,1,0,0,0,0,-5.115653772571416,-6.0,-6.0,-6.0,-6.0
CTTGATGGCTGAAAG_5,CTTGATGGCTGAAAG,,,0,1,0,0,0,0,-5.115653772571416,-6.0,-6.0,-6.0,-6.0
CTTGATGGCTGAAAG_6,CTTGATGGCTGAAAG,-0.030880310300260505,0.005249815655092431,4,318,112,291,57,108,-2.6132266525869827,-2.708269107297579,-2.830696673901178,-2.8954322395717313,-3.124304928224501
CTTGCAAGTGTAATT_0,CTTGCAAGTGTAATT,,,0,1,0,0,0,0,-5.115653772571416,-6.0,-6.0,-6.0,-6.0
CTTGCAAGTGTAATT_1,CTTGCAAGTGTAATT,-0.032870927400443214,0.00500621318422409,4,1218,397,1157,170,382,-2.030006484274559,-2.158696623204645,-2.2312563039353357,-2.4208581738659487,-2.5756653207997418
CTTGCAAGTGTAATT_2,CTTGCAAGTGTAATT,,,0,2,0,0,0,0,-4.8146237769074345,-6.0,-6.0,-6.0,-6.0
CTTGCAAGTGTAATT_3,CTTGCAAGTGTAATT,-0.03962679323535232,0.010742097482036993,4,188,57,176,20,45,-2.8414959233077353,-3.001612274295269,-3.0490769950729355,-3.3502770995802416,-3.5045161699361067
CTTGCAAGTGTAATT_4,CTTGCAAGTGTAATT,,,0,2,0,0,0,0,-4.8146237769074345,-6.0,-6.0,-6.0,-6.0
CTTGCAAGTGTAATT_5,CTTGCAAGTGTAATT,,,0,1,0,0,0,0,-5.115653772571416,-6.0,-6.0,-6.0,-6.0
CTTGCAAGTGTAATT_6,CTTGCAAGTGTAATT,-0.042453891954147324,0.009468049664696164,4,276,98,268,41,59,-2.6747446905061976,-2.7662610542752653,-2.8664548688582965,-3.0385232385244874,-3.386876672069306
CTTTCTTGTGTATTT_0,CTTTCTTGTGTATTT,,,0,3,0,0,0,0,-4.638532517851753,-6.0,-6.0,-6.0,-6.0
CTTTCTTGTGTATTT_1,CTTTCTTGTGTATTT,-0.10704867383995853,0.015539330777012238,2,91,12,18,2,0,-3.156612380250322,-3.6783058839201352,-4.039317157783779,-4.350277099580241,-6.0
CTTTCTTGTGTATTT_2,CTTTCTTGTGTATTT,-0.10732264712818984,0.006785020129822878,2,61,11,12,0,0,-3.330323937560648,-3.716094444809535,-4.215408416839461,-6.0,-6.0
CTTTCTTGTGTATTT_3,CTTTCTTGTGTATTT,-0.11828217600155568,0.0,1,87,8,14,1,0,-3.1761345199527966,-3.8543971429758166,-4.148461627208848,-4.651307095244222,-6.0
CTTTCTTGTGTATTT_4,CTTTCTTGTGTATTT,,,0,32,4,0,0,4,-3.6105037942515095,-4.155427138639798,-6.0,-6.0,-4.555668692383488
CTTTCTTGTGTATTT_5,CTTTCTTGTGTATTT,,,0,4,0,0,0,0,-4.513593781243453,-6.0,-6.0,-6.0,-6.0
CTTTCTTGTGTATTT_6,CTTTCTTGTGTATTT,,,0,1,0,0,0,0,-5.115653772571416,-6.0,-6.0,-6.0,-6.0
GAACTCAGGTTCCAT_0,GAACTCAGGTTCCAT,-0.03099795757619579,0.012272067146352112,4,71,17,44,10,24,-3.2643954238523403,-3.5270382085894862,-3.651136986400898,-3.651307095244223,-3.7775174419998443
GAACTCAGGTTCCAT_1,GAACTCAGGTTCCAT,,,0,2,0,0,0,0,-4.8146237769074345,-6.0,-6.0,-6.0,-6.0
GAACTCAGGTTCCAT_2,GAACTCAGGTTCCAT,-0.015685307212664392,0.005749710819650446,4,473,198,629,139,295,-2.4407926318336037,-2.460821939706229,-2.4959390174418163,-2.508292294990128,-2.6879066677332872
GAACTCAGGTTCCAT_3,GAACTCAGGTTCCAT,,,0,3,0,0,0,0,-4.638532517851753,-6.0,-6.0,-6.0,-6.0
GAACTCAGGTTCCAT_4,GAACTCAGGTTCCAT,-0.014631924540923612,0.008362638354090292,4,289,140,357,85,188,-2.6547559298148675,-2.611359094289522,-2.7419214467748922,-2.72188816952993,-2.8835708344477706
GAACTCAGGTTCCAT_5,GAACTCAGGTTCCAT,-0.001049089276186476,0.01085693086246714,4,200,99,347,57,224,-2.814623776907434,-2.7618519353702102,-2.7542601880962114,-2.8954322395717313,-2.8074806653772875
GAACTCAGGTTCCAT_6,GAACTCAGGTTCCAT,,,0,7,0,1,0,1,-4.270555732557159,-6.0,-5.294589662887085,-6.0,-5.157728683711451
GAGAATGAAGGACAG_0,GAGAATGAAGGACAG,-0.0572464267281052,0.0,1,22,5,12,5,4,-3.773231091749209,-4.058517125631742,-4.215408416839461,-3.952337090908204,-4.555668692383488
GAGAATGAAGGACAG_1,GAGAATGAAGGACAG,,,0,2,0,0,0,0,-4.8146237769074345,-6.0,-6.0,-6.0,-6.0
GAGAATGAAGGACAG_2,GAGAATGAAGGACAG,-0.055850303652467966,0.03217265308517834,2,69,12,38,2,2,-3.27680468183416,-3.6783058839201352,-3.7148060662702753,-4.350277099580241,-4.856698688047469
GAGAATGAAGGACAG_3,GAGAATGAAGGACAG,-0.04584571485298766,0.01977659431870123,3,37,12,17,4,10,-3.5474520485044203,-3.6783058839201352,-4.064140741508812,-4.049247103916261,-4.157728683711451
GAGAATGAAGGACAG_4,GAGAATGAAGGACAG,,,0,13,3,2,0,4,-4.001710420264579,-4.280365875248098,-4.993559667223104,-6.0,-4.555668692383488
GAGAATGAAGGACAG_5,GAGAATGAAGGACAG,,,0,2,0,0,0,0,-4.8146237769074345,-6.0,-6.0,-6.0,-6.0
GAGAATGAAGGACAG_6,GAGAATGAAGGACAG,,,0,1,0,0,0,0,-5.115653772571416,-6.0,-6.0,-6.0,-6.0
GAGTGCTTCAAAGTT_0,GAGTGCTTCAAAGTT,-0.007715656906879119,0.01455718704356519,4,204,64,320,58,175,-2.8060236051455165,-2.951307155983873,-2.789439684567179,-2.8878791016812855,-2.914690635025156
GAGTGCTTCAAAGTT_1,GAGTGCTTCAAAGTT,-0.0027300287288548825,0.014730469483579284,4,106,40,221,38,111,-3.090347907306645,-3.155427138639798,-2.9501973892019744,-3.0715234986274127,-3.112405704924793
GAGTGCTTCAAAGTT_2,GAGTGCTTCAAAGTT,-0.0007532278350114162,0.0037957273763853717,4,300,150,459,111,340,-2.6385325178517527,-2.581395870912079,-2.632776977349824,-2.6059841164575652,-2.6262497666691953
GAGTGCTTCAAAGTT_3,GAGTGCTTCAAAGTT,,,0,1,0,0,0,0,-5.115653772571416,-6.0,-6.0,-6.0,-6.0
GAGTGCTTCAAAGTT_4,GAGTGCTTCAAAGTT,-0.009223819583528404,0.003445337580349191,4,551,218,678,152,445,-2.3745021737196303,-2.4190306363631553,-2.463359969020022,-2.46946350729945,-2.5093686727305187
GAGTGCTTCAAAGTT_5,GAGTGCTTCAAAGTT,,,0,1,0,0,0,0,-5.115653772571416,-6.0,-6.0,-6.0,-6.0
GAGTGCTTCAAAGTT_6,GAGTGCTTCAAAGTT,-0.0062018497451357115,0.013357727674081284,4,395,203,547,88,360,-2.519056676944955,-2.4499910920545473,-2.5566023365536545,-2.706824423094054,-2.601426182944163
GCAAGAAAGAAACCC_1,GCAAGAAAGAAACCC,,,0,2,0,0,0,0,-4.8146237769074345,-6.0,-6.0,-6.0,-6.0
GCAAGAAAGAAACCC_2,GCAAGAAAGAAACCC,,,0,1,0,0,0,0,-5.115653772571416,-6.0,-6.0,-6.0,-6.0
GCAAGAAAGAAACCC_3,GCAAGAAAGAAACCC,,,0,1,0,0,0,0,-5.115653772571416,-6.0,-6.0,-6.0,-6.0
GCAAGAAAGAAACCC_4,GCAAGAAAGAAACCC,,,0,1,0,0,0,0,-5.115653772571416,-6.0,-6.0,-6.0,-6.0
GCCCTCGAAACCTAT_1,GCCCTCGAAACCTAT,-0.03531632335246149,0.019364058433979262,4,109,31,57,18,31,-3.0782272746307915,-3.2661254361334877,-3.538714807214594,-3.396034590140917,-3.6663669898771776
GCCCTCGAAACCTAT_2,GCCCTCGAAACCTAT,,,0,1,0,0,0,0,-5.115653772571416,-6.0,-6.0,-6.0,-6.0
GCCCTCGAAACCTAT_3,GCCCTCGAAACCTAT,,,0,1,0,0,0,0,-5.115653772571416,-6.0,-6.0,-6.0,-6.0
GCCCTCGAAACCTAT_4,GCCCTCGAAACCTAT,-0.0564621971010601,0.007441125117800999,4,213,49,97,12,26,-2.7872741691326777,-3.0672910499392465,-3.3078179286208402,-3.572125849196598,-3.7427553357406325
GCTAATTTCAAGAAT_1,GCTAATTTCAAGAAT,,,0,1,0,0,0,0,-5.115653772571416,-6.0,-6.0,-6.0,-6.0
GCTAATTTCAAGAAT_2,GCTAATTTCAAGAAT,-0.0501217824117836,0.00930533707141463,4,178,55,112,12,28,-2.8652337702625212,-3.0171244404735162,-3.2453716402169035,-3.572125849196598,-3.7105706523692312
GCTAATTTCAAGAAT_3,GCTAATTTCAAGAAT,,,0,1,0,0,0,0,-5.115653772571416,-6.0,-6.0,-6.0,-6.0
GCTAATTTCAAGAAT_4,GCTAATTTCAAGAAT,-0.04287576250590727,0.013432026406285056,4,314,107,156,26,66,-2.6187241244982005,-2.7281033522825506,-3.101465064532624,-3.2363337472734046,-3.3381847481695814
GCTAATTTCAAGAAT_5,GCTAATTTCAAGAAT,,,0,1,0,0,0,0,-5.115653772571416,-6.0,-6.0,-6.0,-6.0
GCTAATTTCAAGAAT_6,GCTAATTTCAAGAAT,,,0,2,0,0,0,0,-4.8146237769074345,-6.0,-6.0,-6.0,-6.0
GCTGCGGAGCCTCAG_0,GCTGCGGAGCCTCAG,,,0,1,0,0,0,0,-5.115653772571416,-6.0,-6.0,-6.0,-6.0
GCTGCGGAGCCTCAG_1,GCTGCGGAGCCTCAG,,,0,2,0,0,0,0,-4.8146237769074345,-6.0,-6.0,-6.0,-6.0
GCTGCGGAGCCTCAG_2,GCTGCGGAGCCTCAG,,,0,9,1,0,0,0,-4.1614112631320905,-4.75748712996776,-6.0,-6.0,-6.0
GCTGCGGAGCCTCAG_3,GCTGCGGAGCCTCAG,,,0,3,0,0,0,0,-4.638532517851753,-6.0,-6.0,-6.0,-6.0
GCTGCGGAGCCTCAG_4,GCTGCGGAGCCTCAG,,,0,7,0,0,0,0,-4.270555732557159,-6.0,-6.0,-6.0,-6.0
GCTGCGGAGCCTCAG_5,GCTGCGGAGCCTCAG,,,0,2,0,0,0,0,-4.8146237769074345,-6.0,-6.0,-6.0,-6.0
GCTGCGGAGCCTCAG_6,GCTGCGGAGCCTCAG,,,0,2,0,0,0,0,-4.8146237769074345,-6.0,-6.0,-6.0,-6.0
GCTGCTTATGAGGAT_0,GCTGCTTATGAGGAT,,,0,8,0,0,0,0,-4.212563785579472,-6.0,-6.0,-6.0,-6.0
GCTGCTTATGAGGAT_1,GCTGCTTATGAGGAT,0.005854312760181512,0.009092496396962043,4,63,32,112,22,93,-3.3163132231178336,-3.252337151647854,-3.2453716402169035,-3.3088844144220166,-3.189245735157515
GCTGCTTATGAGGAT_2,GCTGCTTATGAGGAT,,,0,7,0,0,0,0,-4.270555732557159,-6.0,-6.0,-6.0,-6.0
GCTGCTTATGAGGAT_3,GCTGCTTATGAGGAT,-0.0047844661532220785,0.003088481496668017,4,790,348,1177,285,762,-2.218026681280974,-2.215907886021179,-2.223813200043651,-2.1964622352357126,-2.27577371237185
GCTGCTTATGAGGAT_4,GCTGCTTATGAGGAT,0.0024187825162490066,0.0018174994161592505,4,914,453,1668,371,1176,-2.154707576837584,-2.1013889279549285,-2.0723936165853654,-2.0819331856291767,-2.087321361971331
GCTGCTTATGAGGAT_5,GCTGCTTATGAGGAT,0.003035106129946529,0.0019598757654099353,4,389,182,697,165,513,-2.5257041712457076,-2.4974157419826852,-2.451356884789076,-2.4338231510303165,-2.447611318599634
GCTGCTTATGAGGAT_6,GCTGCTTATGAGGAT,,,0,8,0,0,0,0,-4.212563785579472,-6.0,-6.0,-6.0,-6.0
GGTGGAAGTAGCAGT_1,GGTGGAAGTAGCAGT,,,0,1,0,0,0,0,-5.115653772571416,-6.0,-6.0,-6.0,-6.0
GGTGGAAGTAGCAGT_2,GGTGGAAGTAGCAGT,,,0,1,0,0,0,0,-5.115653772571416,-6.0,-6.0,-6.0,-6.0
GGTGGAAGTAGCAGT_3,GGTGGAAGTAGCAGT,,,0,1,0,0,0,0,-5.115653772571416,-6.0,-6.0,-6.0,-6.0
GGTTGCCCAGAAGTA_1,GGTTGCCCAGAAGTA,,,0,15,1,3,1,2,-3.939562513515734,-4.75748712996776,-4.817468408167423,-4.651307095244222,-4.856698688047469
GGTTGCCCAGAAGTA_2,GGTTGCCCAGAAGTA,,,0,1,0,0,0,0,-5.115653772571416,-6.0,-6.0,-6.0,-6.0
GGTTGCCCAGAAGTA_3,GGTTGCCCAGAAGTA,-0.002793025201520538,0.003895051099212672,4,247,105,354,78,258,-2.7229568193117495,-2.736297830897822,-2.7455864008612973,-2.7592124925537425,-2.74610897774822
GTAATCTGACTCTAG_0,GTAATCTGACTCTAG,,,0,1,0,0,0,0,-5.115653772571416,-6.0,-6.0,-6.0,-6.0
GTAATCTGACTCTAG_1,GTAATCTGACTCTAG,,,0,11,3,4,0,0,-4.07426108741319,-4.280365875248098,-4.6925296715591225,-6.0,-6.0
GTAATCTGACTCTAG_2,GTAATCTGACTCTAG,-0.08403279549230147,0.010164746225456284,2,67,12,21,0,0,-3.289578969870589,-3.6783058839201352,-3.972370368153166,-6.0,-6.0
GTAATCTGACTCTAG_3,GTAATCTGACTCTAG,,,0,3,0,0,0,0,-4.638532517851753,-6.0,-6.0,-6.0,-6.0
GTAATCTGACTCTAG_4,GTAATCTGACTCTAG,,,0,1,0,0,0,0,-5.115653772571416,-6.0,-6.0,-6.0,-6.0
GTAATCTGACTCTAG_5,GTAATCTGACTCTAG,,,0,1,0,0,0,0,-5.115653772571416,-6.0,-6.0,-6.0,-6.0
GTAATCTGACTCTAG_6,GTAATCTGACTCTAG,,,0,1,0,0,0,0,-5.115653772571416,-6.0,-6.0,-6.0,-6.0
GTACAAGAAATTTTG_1,GTACAAGAAATTTTG,,,0,1,0,0,0,0,-5.115653772571416,-6.0,-6.0,-6.0,-6.0
GTACAAGAAATTTTG_2,GTACAAGAAATTTTG,,,0,1,0,0,0,0,-5.115653772571416,-6.0,-6.0,-6.0,-6.0
GTACAAGAAATTTTG_3,GTACAAGAAATTTTG,,,0,1,0,0,0,0,-5.115653772571416,-6.0,-6.0,-6.0,-6.0
GTACAAGAAATTTTG_4,GTACAAGAAATTTTG,,,0,1,0,0,0,0,-5.115653772571416,-6.0,-6.0,-6.0,-6.0
GTCACCGGCACTAAC_1,GTCACCGGCACTAAC,,,0,1,0,0,0,0,-5.115653772571416,-6.0,-6.0,-6.0,-6.0
GTCACCGGCACTAAC_2,GTCACCGGCACTAAC,0.020781364128011702,0.0021330521206310888,4,654,374,1632,444,1754,-2.300076024247148,-2.18461552776728,-2.081869508469243,-2.0039241251296027,-1.9136990946814285
GTGTGATTACTAAAT_1,GTGTGATTACTAAAT,,,0,1,0,0,0,0,-5.115653772571416,-6.0,-6.0,-6.0,-6.0
GTGTGATTACTAAAT_2,GTGTGATTACTAAAT,,,0,13,0,6,4,1,-4.001710420264579,-6.0,-4.516438412503442,-4.049247103916261,-5.157728683711451
GTGTGATTACTAAAT_3,GTGTGATTACTAAAT,,,0,1,0,0,0,0,-5.115653772571416,-6.0,-6.0,-6.0,-6.0
GTGTGATTACTAAAT_4,GTGTGATTACTAAAT,,,0,1,0,0,0,0,-5.115653772571416,-6.0,-6.0,-6.0,-6.0
GTGTGATTACTAAAT_5,GTGTGATTACTAAAT,-0.0820538461782685,0.009357142354747636,2,92,17,30,7,3,-3.15186594522586,-3.5270382085894862,-3.817468408167423,-3.806209055229966,-4.680607428991788
GTGTGATTACTAAAT_6,GTGTGATTACTAAAT,-0.1121770411615107,0.0,1,55,9,10,0,1,-3.3752910830771716,-3.803244620528435,-4.294589662887085,-6.0,-5.157728683711451
GTTAAATCAACAGTT_1,GTTAAATCAACAGTT,,,0,5,1,0,0,0,-4.416683768235396,-4.75748712996776,-6.0,-6.0,-6.0
GTTAAATCAACAGTT_2,GTTAAATCAACAGTT,,,0,7,0,4,0,0,-4.270555732557159,-6.0,-4.6925296715591225,-6.0,-6.0
GTTAAATCAACAGTT_3,GTTAAATCAACAGTT,,,0,1,0,0,0,0,-5.115653772571416,-6.0,-6.0,-6.0,-6.0
GTTAAATCAACAGTT_4,GTTAAATCAACAGTT,,,0,1,0,0,0,0,-5.115653772571416,-6.0,-6.0,-6.0,-6.0
GTTAAATCAACAGTT_5,GTTAAATCAACAGTT,,,0,1,0,0,0,0,-5.115653772571416,-6.0,-6.0,-6.0,-6.0
GTTCAGCTTTGATCG_1,GTTCAGCTTTGATCG,,,0,1,0,0,0,0,-5.115653772571416,-6.0,-6.0,-6.0,-6.0
GTTCAGCTTTGATCG_2,GTTCAGCTTTGATCG,-0.020004526155550262,0.004127750630537796,4,627,222,644,138,329,-2.318386231740699,-2.4111341555171215,-2.485703795527273,-2.5114280088429863,-2.640532785761476
GTTCAGCTTTGATCG_3,GTTCAGCTTTGATCG,-0.028713600734118636,0.004368570832413981,4,648,222,637,98,240,-2.304078766700822,-2.4111341555171215,-2.4904502305517346,-2.6600810195517277,-2.7775174419998443
GTTCAGCTTTGATCG_4,GTTCAGCTTTGATCG,,,0,1,0,0,0,0,-5.115653772571416,-6.0,-6.0,-6.0,-6.0
GTTCAGCTTTGATCG_5,GTTCAGCTTTGATCG,-0.021081403996313777,0.0036264975969192547,4,1347,514,1396,246,677,-1.9862861768484297,-2.0465240109724845,-2.149704244599943,-2.2603719881408435,-2.327140015026306
GTTCAGCTTTGATCG_6,GTTCAGCTTTGATCG,-0.016268324032024342,0.005123668353025697,4,215,90,239,44,131,-2.78321531265581,-2.803244620528435,-2.9161917619389475,-3.0078544187580354,-3.040457388055686
GTTGAACTGGTTGTT_1,GTTGAACTGGTTGTT,,,0,1,0,0,0,0,-5.115653772571416,-6.0,-6.0,-6.0,-6.0
GTTGAACTGGTTGTT_2,GTTGAACTGGTTGTT,,,0,1,0,0,0,0,-5.115653772571416,-6.0,-6.0,-6.0,-6.0
GTTGAACTGGTTGTT_3,GTTGAACTGGTTGTT,,,0,3,0,1,0,0,-4.638532517851753,-6.0,-5.294589662887085,-6.0,-6.0
GTTGAACTGGTTGTT_4,GTTGAACTGGTTGTT,,,0,2,0,0,0,0,-4.8146237769074345,-6.0,-6.0,-6.0,-6.0
GTTGAACTGGTTGTT_5,GTTGAACTGGTTGTT,,,0,1,0,0,0,0,-5.115653772571416,-6.0,-6.0,-6.0,-6.0
GTTGGGCGCTTAAAG_0,GTTGGGCGCTTAAAG,0.0035663972131979352,0.006670926852007912,4,533,316,1077,216,718,-2.388926563544843,-2.2578000473493565,-2.262373959589104,-2.3168533440932917,-2.30160423946915
GTTGGGCGCTTAAAG_1,GTTGGGCGCTTAAAG,0.0025160279445684665,0.003402581973233598,4,816,429,1421,320,1054,-2.203963613817554,-2.125029837783036,-2.1419955849596155,-2.1461571169243165,-2.1348880728349227
GTTGGGCGCTTAAAG_2,GTTGGGCGCTTAAAG,0.0014085695639207475,0.002112480803189395,4,2045,998,3505,778,2527,-1.8049604602280547,-1.7583565886803891,-1.749901640584408,-1.7603274982545338,-1.7551234417915356
GTTGGGCGCTTAAAG_3,GTTGGGCGCTTAAAG,-0.0094915512347979,0.007299999089575021,4,204,88,306,51,163,-2.8060236051455165,-2.8130044578175917,-2.8088682364055053,-2.9437369191462865,-2.9455410793074925
GTTGGGCGCTTAAAG_4,GTTGGGCGCTTAAAG,0.001311587224708988,0.008042016134401173,4,537,243,809,165,661,-2.38567948687186,-2.3718808563694482,-2.3866411412748127,-2.4338231510303165,-2.33752722422581
GTTGGGCGCTTAAAG_5,GTTGGGCGCTTAAAG,0.0007072271610628399,0.0006823756330805147,4,1851,909,3240,740,2224,-1.8482473538185111,-1.7989232467457927,-1.7840446526804732,-1.7820753755132466,-1.8105939008014305
GTTGGGCGCTTAAAG_6,GTTGGGCGCTTAAAG,0.003084631325105924,0.003422428081453674,4,753,403,1473,358,995,-2.2388587963707147,-2.1521820838266508,-2.126386916044454,-2.0974240686003482,-2.159905602965725
GTTTAGCTTCCGTTG_1,GTTTAGCTTCCGTTG,,,0,1,0,0,0,0,-5.115653772571416,-6.0,-6.0,-6.0,-6.0
GTTTAGCTTCCGTTG_2,GTTTAGCTTCCGTTG,,,0,1,0,0,0,0,-5.115653772571416,-6.0,-6.0,-6.0,-6.0
GTTTAGCTTCCGTTG_3,GTTTAGCTTCCGTTG,,,0,1,0,0,0,0,-5.115653772571416,-6.0,-6.0,-6.0,-6.0
GTTTGTTTTGGGAAA_0,GTTTGTTTTGGGAAA,,,0,0,0,0,0,1,-6.0,-6.0,-6.0,-6.0,-5.157728683711451
GTTTGTTTTGGGAAA_1,GTTTGTTTTGGGAAA,,,0,3,0,0,0,0,-4.638532517851753,-6.0,-6.0,-6.0,-6.0
GTTTGTTTTGGGAAA_2,GTTTGTTTTGGGAAA,,,0,19,2,1,0,0,-3.8369001716185864,-4.456457134303779,-5.294589662887085,-6.0,-6.0
GTTTGTTTTGGGAAA_3,GTTTGTTTTGGGAAA,,,0,2,0,0,0,0,-4.8146237769074345,-6.0,-6.0,-6.0,-6.0
GTTTGTTTTGGGAAA_4,GTTTGTTTTGGGAAA,,,0,1,0,0,0,0,-5.115653772571416,-6.0,-6.0,-6.0,-6.0
GTTTGTTTTGGGAAA_5,GTTTGTTTTGGGAAA,,,0,12,2,0,0,0,-4.036472526523791,-4.456457134303779,-6.0,-6.0,-6.0
GTTTGTTTTGGGAAA_6,GTTTGTTTTGGGAAA,,,0,1,0,0,0,0,-5.115653772571416,-6.0,-6.0,-6.0,-6.0
TAACCTCGCGCTGAG_0,TAACCTCGCGCTGAG,,,0,2,0,0,0,0,-4.8146237769074345,-6.0,-6.0,-6.0,-6.0
TAACCTCGCGCTGAG_1,TAACCTCGCGCTGAG,,,0,1,0,0,0,0,-5.115653772571416,-6.0,-6.0,-6.0,-6.0
TAACCTCGCGCTGAG_2,TAACCTCGCGCTGAG,,,0,1,0,0,0,0,-5.115653772571416,-6.0,-6.0,-6.0,-6.0
TAACCTCGCGCTGAG_3,TAACCTCGCGCTGAG,,,0,1,0,0,0,0,-5.115653772571416,-6.0,-6.0,-6.0,-6.0
TAACCTCGCGCTGAG_4,TAACCTCGCGCTGAG,,,0,2,0,0,0,0,-4.8146237769074345,-6.0,-6.0,-6.0,-6.0
TAACCTCGCGCTGAG_5,TAACCTCGCGCTGAG,,,0,1,0,0,0,0,-5.115653772571416,-6.0,-6.0,-6.0,-6.0
TAACCTCGCGCTGAG_6,TAACCTCGCGCTGAG,,,0,1,0,0,0,0,-5.115653772571416,-6.0,-6.0,-6.0,-6.0
TAATATTGTTTTGCG_0,TAATATTGTTTTGCG,,,0,1,0,0,0,0,-5.115653772571416,-6.0,-6.0,-6.0,-6.0
TAATATTGTTTTGCG_1,TAATATTGTTTTGCG,,,0,1,0,0,0,0,-5.115653772571416,-6.0,-6.0,-6.0,-6.0
TAATATTGTTTTGCG_2,TAATATTGTTTTGCG,,,0,1,0,0,0,0,-5.115653772571416,-6.0,-6.0,-6.0,-6.0
TAATATTGTTTTGCG_3,TAATATTGTTTTGCG,-0.08264997842611382,0.0041103539104845105,2,90,20,29,3,3,-3.1614112631320905,-3.456457134303779,-3.8321916649881294,-4.174185840524561,-4.680607428991788
TAATATTGTTTTGCG_4,TAATATTGTTTTGCG,,,0,1,0,0,0,0,-5.115653772571416,-6.0,-6.0,-6.0,-6.0
TAATATTGTTTTGCG_5,TAATATTGTTTTGCG,-0.07548127411042149,0.012361603017758543,3,233,53,67,9,17,-2.7482978515453964,-3.033211260366971,-3.468514860186259,-3.697064585804898,-3.9272797623331765
TAATATTGTTTTGCG_6,TAATATTGTTTTGCG,,,0,1,0,0,0,0,-5.115653772571416,-6.0,-6.0,-6.0,-6.0
TACACCAATTACACT_0,TACACCAATTACACT,,,0,1,0,0,0,0,-5.115653772571416,-6.0,-6.0,-6.0,-6.0
TACACCAATTACACT_1,TACACCAATTACACT,,,0,5,0,0,0,0,-4.416683768235396,-6.0,-6.0,-6.0,-6.0
TACACCAATTACACT_2,TACACCAATTACACT,,,0,4,0,0,0,0,-4.513593781243453,-6.0,-6.0,-6.0,-6.0
TACACCAATTACACT_3,TACACCAATTACACT,,,0,1,0,0,0,0,-5.115653772571416,-6.0,-6.0,-6.0,-6.0
TACACCAATTACACT_4,TACACCAATTACACT,,,0,2,0,0,0,0,-4.8146237769074345,-6.0,-6.0,-6.0,-6.0
TACACCAATTACACT_5,TACACCAATTACACT,,,0,1,0,0,0,0,-5.115653772571416,-6.0,-6.0,-6.0,-6.0
TACACCAATTACACT_6,TACACCAATTACACT,,,0,1,0,0,0,0,-5.115653772571416,-6.0,-6.0,-6.0,-6.0
TAGACGGACATCTTC_1,TAGACGGACATCTTC,,,0,1,0,0,0,0,-5.115653772571416,-6.0,-6.0,-6.0,-6.0
TAGACGGACATCTTC_2,TAGACGGACATCTTC,,,0,2,0,0,0,0,-4.8146237769074345,-6.0,-6.0,-6.0,-6.0
TATATTGAACTTTAC_0,TATATTGAACTTTAC,-0.0012353098765112375,0.003911471983259474,4,770,413,1329,305,856,-2.2291630473989335,-2.141537078311359,-2.1710646819443533,-2.167007255897437,-2.225254919034297
TATATTGAACTTTAC_1,TATATTGAACTTTAC,-0.0021007309083243,0.004809856803512843,4,880,404,1300,346,945,-2.1711711004212466,-2.151105764857155,-2.1806463105802485,-2.112230996451446,-2.182296875202187
TATATTGAACTTTAC_2,TATATTGAACTTTAC,-0.0018724910350695898,0.0028555519900551217,4,1099,555,1846,389,1191,-2.074656080147925,-2.013194146845084,-2.028357966197192,-2.061357493918515,-2.081816922228673
TATATTGAACTTTAC_3,TATATTGAACTTTAC,,,0,1,0,0,0,0,-5.115653772571416,-6.0,-6.0,-6.0,-6.0
TATATTGAACTTTAC_4,TATATTGAACTTTAC,0.004476923251749288,0.00593939948363569,4,408,195,842,213,570,-2.5049936094815353,-2.467452518605242,-2.369277571387436,-2.322927491805485,-2.4018538280389587
TATATTGAACTTTAC_5,TATATTGAACTTTAC,,,0,2,0,0,0,0,-4.8146237769074345,-6.0,-6.0,-6.0,-6.0
TATATTGAACTTTAC_6,TATATTGAACTTTAC,0.0006252784070813973,0.005396029602835939,4,248,123,470,118,297,-2.721202091745199,-2.6675820185283623,-2.622491804951368,-2.5794250879380973,-2.684972234394238
TATGCCCTTCTTCTG_1,TATGCCCTTCTTCTG,-0.010451640060985978,0.0054581517850585785,4,489,175,582,132,376,-2.426344913447795,-2.514449081281466,-2.529666678237197,-2.530733164038373,-2.5825408387837894
TCAAAACGGAGTGTT_0,TCAAAACGGAGTGTT,-0.0020494930930748502,0.0025197273607198,4,1078,471,1693,403,1160,-2.0830350117206953,-2.084466222838864,-2.06593270477815,-2.0460020491031132,-2.0932706944845316
TCAAAACGGAGTGTT_1,TCAAAACGGAGTGTT,-3.7769614503336024e-05,0.0008000307061037465,4,2322,1109,3897,921,2708,-1.7497915571688603,-1.7125555838186002,-1.703859257094395,-1.687047465047374,-1.7250800236983437
TCAAAACGGAGTGTT_2,TCAAAACGGAGTGTT,0.0015293515130413882,0.00252583805776196,4,1142,589,1950,450,1418,-2.057987668661586,-1.9873718351806586,-2.004555051524567,-1.998094581468879,-2.006052452864403
TCAAAACGGAGTGTT_3,TCAAAACGGAGTGTT,0.0017880929803002707,0.004063955050829857,4,1359,586,2326,548,1705,-1.982434315838921,-1.9895895139496695,-1.9279799524946557,-1.9125265367598536,-1.926004300382934
TCAAAACGGAGTGTT_4,TCAAAACGGAGTGTT,0.0006865808513614848,0.0026819640428203434,4,1152,552,1823,421,1383,-2.054201293484222,-2.0155480522385614,-2.033802994232109,-2.0270249994085545,-2.0169065036021396
TCAAAACGGAGTGTT_5,TCAAAACGGAGTGTT,0.0026672782069002924,0.0034855964497045506,4,2424,1068,4179,997,3150,-1.7311211570771667,-1.7289158772752227,-1.6735172917434593,-1.652611936932567,-1.6594181299218498
TCAAAACGGAGTGTT_6,TCAAAACGGAGTGTT,-0.0033546894234231404,0.0011879234676983796,4,2438,1090,3707,854,2490,-1.7286200712890523,-1.7200606320271365,-1.7255670768575215,-1.7198492245552177,-1.7615293366157139
TCAAAGCATGAAAAA_0,TCAAAGCATGAAAAA,,,0,3,0,0,0,0,-4.638532517851753,-6.0,-6.0,-6.0,-6.0
TCAAAGCATGAAAAA_1,TCAAAGCATGAAAAA,-0.024430505669508308,0.008383412293169275,4,480,154,561,93,211,-2.434412535195828,-2.5699664091312973,-2.545626801630924,-2.6828241466902876,-2.8334462284137576
TCAAAGCATGAAAAA_2,TCAAAGCATGAAAAA,-0.018576973031414527,0.014405071654424634,4,243,78,231,34,135,-2.730047498973103,-2.86539252727728,-2.930977682994941,-3.1198281782019675,-3.027394915216444
TCAAAGCATGAAAAA_3,TCAAAGCATGAAAAA,,,0,4,0,0,0,0,-4.513593781243453,-6.0,-6.0,-6.0,-6.0
TCAAAGCATGAAAAA_4,TCAAAGCATGAAAAA,,,0,4,0,0,0,0,-4.513593781243453,-6.0,-6.0,-6.0,-6.0
TCAAAGCATGAAAAA_5,TCAAAGCATGAAAAA,-0.0337885753646622,0.010975604185362331,4,344,111,321,38,104,-2.5790953299998853,-2.7121641511811028,-2.788084630482213,-3.0715234986274127,-3.14069534441267
TCAAAGCATGAAAAA_6,TCAAAGCATGAAAAA,-0.01809963156102503,0.014676657090503984,4,83,22,97,20,47,-3.1965756801953416,-3.415064449145554,-3.3078179286208402,-3.3502770995802416,-3.4856308257757327
TCAAATGATGAGGAT_0,TCAAATGATGAGGAT,-0.02868552661550305,0.004778569773993663,4,445,144,440,72,165,-2.4672937615904837,-2.5991246378725106,-2.651136986400898,-2.7939745988129543,-2.940244739497544
TCAAATGATGAGGAT_1,TCAAATGATGAGGAT,-0.02948385971176885,0.00598454418000878,4,323,111,333,48,116,-2.6064512502403123,-2.7121641511811028,-2.7721454293807652,-2.9700658578686356,-3.0932706944845316
TCAAATGATGAGGAT_2,TCAAATGATGAGGAT,-0.02529765482361832,0.006645273092765255,4,683,232,738,112,290,-2.281233068889883,-2.3919991450768605,-2.4265333010640435,-2.6020890725740413,-2.695330685812494
TCAAATGATGAGGAT_3,TCAAATGATGAGGAT,-0.026323407976533743,0.0024914221854297697,4,611,224,652,115,249,-2.3296125623288613,-2.4072391116335976,-2.4803420671551653,-2.590609254890611,-2.761529336615714
TCAAATGATGAGGAT_4,TCAAATGATGAGGAT,-0.02379544478420608,0.008398694710255178,4,448,171,516,112,202,-2.4643757585732713,-2.5244910195756063,-2.581939961259874,-2.6020890725740413,-2.8523773142648263
TCAAATGATGAGGAT_5,TCAAATGATGAGGAT,-0.027321074691386667,0.0017464004961649528,4,618,218,583,100,242,-2.3246652974825994,-2.4190306363631553,-2.5289211081280714,-2.651307095244223,-2.773913317731019
TCAAATGATGAGGAT_6,TCAAATGATGAGGAT,,,0,2,0,0,0,0,-4.8146237769074345,-6.0,-6.0,-6.0,-6.0
TCAACAACCTATGCA_1,TCAACAACCTATGCA,,,0,1,0,0,0,0,-5.115653772571416,-6.0,-6.0,-6.0,-6.0
TCAACAACCTATGCA_2,TCAACAACCTATGCA,-0.003989833456346315,0.0014672968936949244,4,1165,536,1761,410,1160,-2.0493278472093777,-2.02832234027499,-2.0488303069198084,-2.0385232385244874,-2.0932706944845316
TCAACAACCTATGCA_3,TCAACAACCTATGCA,,,0,1,0,0,0,0,-5.115653772571416,-6.0,-6.0,-6.0,-6.0
TCAGAGCATTGGCCT_1,TCAGAGCATTGGCCT,,,0,1,1,0,0,0,-5.115653772571416,-4.75748712996776,-6.0,-6.0,-6.0
TCAGAGCATTGGCCT_2,TCAGAGCATTGGCCT,,,0,1,0,0,0,0,-5.115653772571416,-6.0,-6.0,-6.0,-6.0
TCAGAGCATTGGCCT_3,TCAGAGCATTGGCCT,,,0,2,0,0,0,0,-4.8146237769074345,-6.0,-6.0,-6.0,-6.0
TCAGAGCATTGGCCT_4,TCAGAGCATTGGCCT,,,0,1,0,0,0,0,-5.115653772571416,-6.0,-6.0,-6.0,-6.0
TCAGAGCATTGGCCT_5,TCAGAGCATTGGCCT,,,0,2,0,0,0,0,-4.8146237769074345,-6.0,-6.0,-6.0,-6.0
TCATAGGTATCTCGC_0,TCATAGGTATCTCGC,-0.0040631694393971724,0.0018843081052309888,2,12,6,20,8,12,-4.036472526523791,-3.9793358795841165,-3.993559667223104,-3.748217108252279,-4.0785474376638255
TCATAGGTATCTCGC_1,TCATAGGTATCTCGC,-0.027667324035927976,0.03603917369452424,3,25,18,21,8,11,-3.717713763899378,-3.5022146248644543,-3.972370368153166,-3.748217108252279,-4.116335998553225
TCATAGGTATCTCGC_2,TCATAGGTATCTCGC,-0.019255473656492373,0.011557335572211122,3,21,11,27,4,10,-3.793434477837496,-3.716094444809535,-3.863225898728098,-4.049247103916261,-4.157728683711451
TCATAGGTATCTCGC_3,TCATAGGTATCTCGC,-0.043364839898191176,0.0,1,25,6,18,6,8,-3.717713763899378,-3.9793358795841165,-4.039317157783779,-3.873155844860579,-4.254638696719507
TCATAGGTATCTCGC_4,TCATAGGTATCTCGC,,,0,8,2,3,0,0,-4.212563785579472,-4.456457134303779,-4.817468408167423,-6.0,-6.0
TCATAGGTATCTCGC_5,TCATAGGTATCTCGC,0.0015154193434580904,0.011379886835790371,2,16,5,39,3,20,-3.9115337899154907,-4.058517125631742,-3.703525055860586,-4.174185840524561,-3.856698688047469
TCATAGGTATCTCGC_6,TCATAGGTATCTCGC,,,0,1,0,0,0,0,-5.115653772571416,-6.0,-6.0,-6.0,-6.0
TCGAAAGCACAGTAG_1,TCGAAAGCACAGTAG,,,0,1,0,0,0,0,-5.115653772571416,-6.0,-6.0,-6.0,-6.0
TCGAAAGCACAGTAG_2,TCGAAAGCACAGTAG,,,0,1,0,0,0,0,-5.115653772571416,-6.0,-6.0,-6.0,-6.0
TCGAAAGCACAGTAG_3,TCGAAAGCACAGTAG,,,0,1,0,0,0,0,-5.115653772571416,-6.0,-6.0,-6.0,-6.0
TCGAAAGCACAGTAG_4,TCGAAAGCACAGTAG,,,0,1,0,0,0,0,-5.115653772571416,-6.0,-6.0,-6.0,-6.0
TCGAAAGCACAGTAG_5,TCGAAAGCACAGTAG,,,0,1,0,0,0,0,-5.115653772571416,-6.0,-6.0,-6.0,-6.0
TCGATAGAATTTACT_0,TCGATAGAATTTACT,,,0,2,0,0,0,0,-4.8146237769074345,-6.0,-6.0,-6.0,-6.0
TCGATAGAATTTACT_1,TCGATAGAATTTACT,,,0,2,0,0,0,0,-4.8146237769074345,-6.0,-6.0,-6.0,-6.0
TCGATAGAATTTACT_2,TCGATAGAATTTACT,-0.0007910519258521379,0.00227393828752801,4,1284,630,2061,498,1453,-2.007088748838581,-1.9581465805141784,-1.9805116711078723,-1.9540777524845052,-1.9954630694134288
TCGATAGAATTTACT_3,TCGATAGAATTTACT,0.0016204598064772035,0.0019914017348072748,4,1519,776,2737,657,1893,-1.934095998708629,-1.8676254087095718,-1.8573148654769616,-1.833741725684442,-1.8805780697476535
TCGATAGAATTTACT_4,TCGATAGAATTTACT,,,0,2,0,0,0,0,-4.8146237769074345,-6.0,-6.0,-6.0,-6.0
TCGATAGAATTTACT_5,TCGATAGAATTTACT,-0.0028208262145667626,0.0019528312245529849,4,415,186,654,154,433,-2.497605675859323,-2.487974185749844,-2.4790119145628178,-2.4637863744077597,-2.5212407873580847
TCGATAGAATTTACT_6,TCGATAGAATTTACT,0.00726855456945692,0.008901351147337887,4,475,278,1049,195,742,-2.438960162946549,-2.313442334049684,-2.2738141746935274,-2.361272483881705,-2.2873247784324233
TCTTGGAGGTGAATG_0,TCTTGGAGGTGAATG,,,0,0,0,0,1,0,-6.0,-6.0,-6.0,-4.651307095244222,-6.0
TCTTGGAGGTGAATG_1,TCTTGGAGGTGAATG,0.014167161066706156,0.005386190300717228,4,1282,674,2575,633,2639,-2.007765747388617,-1.9288272334324403,-1.8838124295098755,-1.8499033852268676,-1.7362892934914007
TCTTGGAGGTGAATG_2,TCTTGGAGGTGAATG,,,0,2,0,0,0,0,-4.8146237769074345,-6.0,-6.0,-6.0,-6.0
TCTTGGAGGTGAATG_3,TCTTGGAGGTGAATG,,,0,1,0,0,0,0,-5.115653772571416,-6.0,-6.0,-6.0,-6.0
TCTTGGAGGTGAATG_4,TCTTGGAGGTGAATG,,,0,2,0,0,0,0,-4.8146237769074345,-6.0,-6.0,-6.0,-6.0
TCTTGGAGGTGAATG_5,TCTTGGAGGTGAATG,0.011395188456989214,0.0061785706530732105,4,749,333,1470,423,1380,-2.2411719548719486,-2.23504289646144,-2.127272328138909,-2.0249667278691805,-2.0178495973102137
TCTTGGAGGTGAATG_6,TCTTGGAGGTGAATG,0.015897827143041776,0.0021528134759328274,4,3601,1958,8041,2100,7944,-1.55923065120013,-1.4656744425006412,-1.3892796007709998,-1.3290878005103035,-1.2576894482241257
TGATCATCACGGGAC_0,TGATCATCACGGGAC,,,0,2,0,0,0,0,-4.8146237769074345,-6.0,-6.0,-6.0,-6.0
TGATCATCACGGGAC_1,TGATCATCACGGGAC,,,0,2,0,0,0,0,-4.8146237769074345,-6.0,-6.0,-6.0,-6.0
TGATCATCACGGGAC_2,TGATCATCACGGGAC,-0.007914010098764602,0.00502234156041869,4,1128,452,1647,318,960,-2.063344672924092,-2.102348695156378,-2.077896063717331,-2.1488799752597902,-2.175457450671882
TGATCATCACGGGAC_3,TGATCATCACGGGAC,,,0,2,0,0,0,0,-4.8146237769074345,-6.0,-6.0,-6.0,-6.0
TGATCATCACGGGAC_4,TGATCATCACGGGAC,,,0,1,0,0,0,0,-5.115653772571416,-6.0,-6.0,-6.0,-6.0
TGATCATCACGGGAC_5,TGATCATCACGGGAC,-0.009119062644211563,0.0018950099743254227,4,799,352,1146,227,648,-2.213106993257424,-2.210944466489629,-2.235405045255714,-2.2952812380511,-2.346153677840857
TGATCATCACGGGAC_6,TGATCATCACGGGAC,,,0,2,0,0,0,0,-4.8146237769074345,-6.0,-6.0,-6.0,-6.0
TGGAGTCTTTGTTGA_1,TGGAGTCTTTGTTGA,,,0,1,0,0,0,0,-5.115653772571416,-6.0,-6.0,-6.0,-6.0
TGGAGTCTTTGTTGA_2,TGGAGTCTTTGTTGA,,,0,1,0,0,0,0,-5.115653772571416,-6.0,-6.0,-6.0,-6.0
TGGAGTCTTTGTTGA_3,TGGAGTCTTTGTTGA,,,0,1,0,0,0,0,-5.115653772571416,-6.0,-6.0,-6.0,-6.0
TTAATTAGAGGTATG_1,TTAATTAGAGGTATG,-0.013461807991829788,0.0021499024684460515,4,355,148,482,98,242,-2.565425419516321,-2.587225414572803,-2.611542624648236,-2.6600810195517277,-2.773913317731019
TTAATTAGAGGTATG_2,TTAATTAGAGGTATG,-0.01957312074509454,0.0040984716237391075,4,384,144,479,86,205,-2.5313225482038844,-2.5991246378725106,-2.614254149472522,-2.716808644000655,-2.845974822655696
TTAATTGCACTTATG_1,TTAATTGCACTTATG,,,0,1,0,0,0,0,-5.115653772571416,-6.0,-6.0,-6.0,-6.0
TTAGTCTTTCCATCA_0,TTAGTCTTTCCATCA,,,0,1,0,0,0,0,-5.115653772571416,-6.0,-6.0,-6.0,-6.0
TTAGTCTTTCCATCA_1,TTAGTCTTTCCATCA,-0.006386383556387921,0.003554935040747297,4,1322,600,1873,454,1196,-1.9944223174217939,-1.9793358795841167,-2.0220518855118477,-1.9942512423871188,-2.079997504059058
TTAGTCTTTCCATCA_2,TTAGTCTTTCCATCA,,,0,1,0,0,0,0,-5.115653772571416,-6.0,-6.0,-6.0,-6.0
TTAGTCTTTCCATCA_3,TTAGTCTTTCCATCA,,,0,1,0,0,0,0,-5.115653772571416,-6.0,-6.0,-6.0,-6.0
TTAGTCTTTCCATCA_4,TTAGTCTTTCCATCA,,,0,1,0,0,0,0,-5.115653772571416,-6.0,-6.0,-6.0,-6.0
TTAGTCTTTCCATCA_5,TTAGTCTTTCCATCA,,,0,1,0,0,0,0,-5.115653772571416,-6.0,-6.0,-6.0,-6.0
TTAGTCTTTCCATCA_6,TTAGTCTTTCCATCA,-0.033092712287794736,0.00213871833454934,2,9,15,39,5,13,-4.1614112631320905,-3.581395870912079,-3.703525055860586,-3.952337090908204,-4.043785331404614
TTATATTTATTTGCT_0,TTATATTTATTTGCT,0.02229292316919,0.003311020181952939,4,623,378,1682,437,1775,-2.3211657259122456,-2.179995330130535,-2.068763671425192,-2.010825658273801,-1.9085303263203375
TTATATTTATTTGCT_1,TTATATTTATTTGCT,,,0,2,0,0,0,0,-4.8146237769074345,-6.0,-6.0,-6.0,-6.0
TTATATTTATTTGCT_2,TTATATTTATTTGCT,0.020217188275735036,0.0028616692534960053,4,1601,903,3638,1050,4198,-1.9112624406521157,-1.8017993796542544,-1.7337269681596206,-1.6301177961742848,-1.5346862494650686
TTATATTTATTTGCT_3,TTATATTTATTTGCT,,,0,1,0,0,0,0,-5.115653772571416,-6.0,-6.0,-6.0,-6.0
TTATATTTATTTGCT_4,TTATATTTATTTGCT,,,0,1,0,0,0,0,-5.115653772571416,-6.0,-6.0,-6.0,-6.0
TTATATTTATTTGCT_5,TTATATTTATTTGCT,,,0,1,0,0,0,0,-5.115653772571416,-6.0,-6.0,-6.0,-6.0
TTATATTTATTTGCT_6,TTATATTTATTTGCT,,,0,1,0,0,0,0,-5.115653772571416,-6.0,-6.0,-6.0,-6.0
TTTAACTCACCGTAA_1,TTTAACTCACCGTAA,-0.029938790211786005,0.008916076386228983,4,207,59,143,25,73,-2.7996834271144975,-2.986635118325616,-3.1392536254220236,-3.2533670865721853,-3.2944058235909943
TTTAACTCACCGTAA_2,TTTAACTCACCGTAA,-0.01214269957901033,0.060608511583678124,2,25,25,33,7,9,-3.717713763899378,-3.3595471212957224,-3.776075723009198,-3.806209055229966,-4.2034861742721255
TTTAACTCACCGTAA_3,TTTAACTCACCGTAA,,,0,1,0,0,0,0,-5.115653772571416,-6.0,-6.0,-6.0,-6.0
TTTAACTCACCGTAA_4,TTTAACTCACCGTAA,,,0,1,0,0,0,0,-5.115653772571416,-6.0,-6.0,-6.0,-6.0
TTTAACTCACCGTAA_5,TTTAACTCACCGTAA,-0.032005546333498634,0.009943697056124577,4,77,32,85,16,25,-3.2291630473989335,-3.252337151647854,-3.3651707371727926,-3.447187112588298,-3.7597886750394127
TTTAACTCACCGTAA_6,TTTAACTCACCGTAA,-0.030943389261086286,0.01777768217851185,3,75,36,61,8,28,-3.240592509179715,-3.201184629200473,-3.5092598278763183,-3.748217108252279,-3.7105706523692312
TTTATAAATCAATAG_0,TTTATAAATCAATAG,,,0,6,2,4,4,2,-4.337502522187772,-4.456457134303779,-4.6925296715591225,-4.049247103916261,-4.856698688047469
TTTATAAATCAATAG_1,TTTATAAATCAATAG,,,0,2,0,0,0,0,-4.8146237769074345,-6.0,-6.0,-6.0,-6.0
TTTATAAATCAATAG_2,TTTATAAATCAATAG,,,0,3,0,0,0,0,-4.638532517851753,-6.0,-6.0,-6.0,-6.0
TTTATAAATCAATAG_3,TTTATAAATCAATAG,0.0015194643481094784,0.0042713165153765355,4,1277,608,1957,454,1585,-2.009462875308,-1.9735835506950252,-2.002998837229084,-1.9942512423871188,-1.95769941715768
TTTATAAATCAATAG_4,TTTATAAATCAATAG,-0.003426920411578016,0.002449250306672496,4,544,246,848,203,554,-2.3800548728732354,-2.366552022864381,-2.3661938106303713,-2.34381105733101,-2.4142189189830208
TTTATAAATCAATAG_5,TTTATAAATCAATAG,-0.0051418320161703565,0.004545264190016434,4,692,320,922,208,658,-2.2755476781146573,-2.252337151647854,-2.3298587418334558,-2.3332437602814613,-2.339502790097495
TTTATAAATCAATAG_6,TTTATAAATCAATAG,,,0,2,0,0,0,0,-4.8146237769074345,-6.0,-6.0,-6.0,-6.0
TTTTGCATTTAGGCG_1,TTTTGCATTTAGGCG,0.0053144208581855645,0.004798295471455747,4,533,307,1009,232,770,-2.388926563544843,-2.270348754490574,-2.2906984966501747,-2.285819110353323,-2.2712379585389684
TTTTGCATTTAGGCG_2,TTTTGCATTTAGGCG,0.0026030963745269585,0.004079474836864007,4,601,289,969,220,779,-2.3367793005686757,-2.2965892872112126,-2.30826588583632,-2.3088844144220166,-2.266191226038886
TTTTGCATTTAGGCG_3,TTTTGCATTTAGGCG,,,0,1,0,0,0,0,-5.115653772571416,-6.0,-6.0,-6.0,-6.0
TTTTGCATTTAGGCG_4,TTTTGCATTTAGGCG,0.0011420104266398163,0.004081897729830912,4,903,440,1366,338,1104,-2.1599660222579096,-2.114034453481573,-2.1591389635415714,-2.122390394966568,-2.1147596103182704
TTTTGCATTTAGGCG_5,TTTTGCATTTAGGCG,,,0,12,0,4,4,5,-4.036472526523791,-6.0,-4.6925296715591225,-4.049247103916261,-4.458758679375432
