cBC,Edge,s,stderr.s,len.s,TP1-2-T1,TP1-2-T2,TP1-2-T3,TP1-2-T4,T1_log10freq_clipped,T2_log10freq_clipped,T3_log10freq_clipped,T4_log10freq_clipped
ACAAGTTTTACAGTT_1,ACAAGTTTTACAGTT,0.00872527225529325,0.012161800124564678,3,706,650,354,197,-2.215331191819089,-2.2579479642910423,-2.1884517870641775,-2.342883385755928
ACAGTTGACGGACAG_1,ACAGTTGACGGACAG,0.02415762628433038,0.005536746348187554,3,997,1058,576,442,-2.065440734559237,-2.046375653234731,-1.9770325656667533,-1.9919273425684292
ACAGTTGACGGACAG_2,ACAGTTGACGGACAG,,,0,1,0,0,0,-5.064135892870893,-6.0,-6.0,-6.0
ACAGTTGACGGACAG_3,ACAGTTGACGGACAG,0.02004915010620302,0.00371221384859935,3,2327,2369,1148,912,-1.6973395095841628,-1.696296260211133,-1.6775131610280107,-1.6773547735891048
AGTGTATGATAATAT_1,AGTGTATGATAATAT,-0.02472368742954124,0.008731828704576733,3,1437,1187,282,147,-1.906679124736667,-1.9964106019793066,-2.2872059407706042,-2.470032277169345
AGTGTATGATAATAT_2,AGTGTATGATAATAT,-0.02194063766249241,0.005429874270141937,3,1196,980,262,133,-1.9864047132185005,-2.079635245241403,-2.31915375777022,-2.5134979709504353
AGTGTTAATCAGACC_1,AGTGTTAATCAGACC,0.00950824470452319,0.00880851662813835,3,9413,8425,4303,2689,-1.0904078341828654,-1.1452914113905217,-1.10368370300741,-1.2077588096942193
AGTGTTAATCAGACC_2,AGTGTTAATCAGACC,-0.019403128659534672,0.02230864276683684,3,275,263,47,33,-2.62480319904063,-2.65090557244414,-3.065357191154248,-3.1188356720396335
ATAGAGCGGCGTTGA_1,ATAGAGCGGCGTTGA,-0.03473490510594246,0.016077648867667552,3,396,282,51,30,-2.4664407069453804,-2.6206122126145366,-3.029884872992029,-3.1602283571978584
ATAGTCGATTAAGAT_1,ATAGTCGATTAAGAT,-0.05673328091985464,0.011056662142133569,2,310,137,34,7,-2.57277419903662,-2.934140753777491,-3.2059761320477103,-3.792251571903264
ATGGCGATGGTCTTG_1,ATGGCGATGGTCTTG,0.007490905456005192,0.008416101885698905,3,2845,2614,1291,765,-1.6100536221398027,-1.6535557376893724,-1.626528806823545,-1.7536881767639034
ATGGCGATGGTCTTG_2,ATGGCGATGGTCTTG,0.006424669654933623,0.010331045645334021,3,1870,1473,738,487,-1.7922942863343936,-1.902658574091267,-1.869398687266924,-1.9498206507028868
ATTATCATCGCCATC_1,ATTATCATCGCCATC,-0.04739317910937698,0.008278159463841367,3,714,358,102,37,-2.210437681094718,-2.5169782942900234,-2.728854877328048,-3.069147887850526
CAATCTTGAATTGAT_1,CAATCTTGAATTGAT,0.014322962886839569,0.001991522925699086,3,1833,1954,805,605,-1.800973427908676,-1.7799367615511437,-1.8316591687220969,-1.8555942372650522
CAATCTTGAATTGAT_2,CAATCTTGAATTGAT,0.026801835245529426,0.0008174188730635854,3,1719,2029,1013,825,-1.8288600161838402,-1.7635792739005518,-1.731845603729685,-1.720895663367596
CAATTTCAACGTTGT_1,CAATTTCAACGTTGT,-0.0036336188000965384,0.02390864813711587,3,135,85,55,26,-2.9338021243758865,-3.141442395219605,-2.9970923595957215,-3.2223762639467033
CATTTATGGCTATCT_1,CATTTATGGCTATCT,,,0,2,0,0,0,-4.763105897206912,-6.0,-6.0,-6.0
CCAAGACCGTGTAAA_1,CCAAGACCGTGTAAA,-0.01906811746441796,0.0026145725500626533,3,561,430,125,68,-2.3151730316147314,-2.4373928653543113,-2.640545036081909,-2.804840699211285
CGATGATGATGATGA_1,CGATGATGATGATGA,0.029379671334166014,0.01585149605601791,3,27,38,13,14,-3.6327721287119052,-3.491077724317088,-3.6235116967831287,-3.491221576239283
CTAAGCAGTCTTCTC_1,CTAAGCAGTCTTCTC,-0.039546994221312325,0.017550220674024702,3,854,480,182,56,-2.1326780221818877,-2.389620083558311,-2.4773836611048905,-2.889161584911321
CTAAGCAGTCTTCTC_2,CTAAGCAGTCTTCTC,-0.0523377038391182,0.0025112939184233412,3,3156,1795,377,141,-1.56499889833351,-1.8167968680195599,-2.1611136988841726,-2.4881304992621414
CTACTTACAACGGAA_1,CTACTTACAACGGAA,0.01959924642880718,0.009754597128888707,3,1200,1139,656,464,-1.984954646823268,-2.0143375968547974,-1.9205512097143052,-1.9708316313626402
CTACTTACAACGGAA_2,CTACTTACAACGGAA,0.0263923057839158,0.011257981306476884,3,7096,7004,4471,3364,-1.2131222860472228,-1.2255151835224893,-1.0870503792219337,-1.1104936247916466
CTAGTTGTATAGCCA_1,CTAGTTGTATAGCCA,-0.12192926420734727,0.0,1,182,49,5,4,-2.804064504885818,-3.380665240905384,-4.038485044753947,-4.035289620589559
CTAGTTGTATAGCCA_2,CTAGTTGTATAGCCA,,,0,30,3,2,0,-3.5870146381512305,-4.593740066214235,-4.436425053425984,-6.0
CTAGTTGTATAGCCA_3,CTAGTTGTATAGCCA,-0.1307585249219151,0.0,1,426,105,4,1,-2.4347262937681737,-3.0496720218639597,-4.135395057762003,-4.6373496119175215
CTCTTGAGAATACTT_1,CTCTTGAGAATACTT,,,0,2,1,0,0,-4.763105897206912,-5.070861320933898,-6.0,-6.0
CTTGATCAATCAAAA_1,CTTGATCAATCAAAA,-0.0004209466060999927,0.003345106528701721,3,712,618,250,151,-2.2116558992340365,-2.279872845845082,-2.3395150404179277,-2.4583726646243518
CTTGATCAATCAAAA_2,CTTGATCAATCAAAA,-0.008284216361915231,0.0033519428961602074,3,197,154,53,33,-2.7696696667092997,-2.883340600097435,-3.0131791794891765,-3.1188356720396335
CTTGATGGCTGAAAG_1,CTTGATGGCTGAAAG,-0.013984843194310476,0.007738211699860019,3,5624,3771,1442,794,-1.3140905808591252,-1.4944047885282776,-1.5784897887065552,-1.7375291094904248
CTTGATGGCTGAAAG_2,CTTGATGGCTGAAAG,-0.02460238137467975,0.0008369084791801424,3,974,708,206,100,-2.0755769359922773,-2.2208280632441286,-2.423587828720812,-2.637349611917521
GAACTCAGGTTCCAT_1,GAACTCAGGTTCCAT,-0.003915253949647468,0.013410236198783369,3,1728,1348,671,330,-1.8265921547280182,-1.9411714287345967,-1.9107325289209733,-2.1188356720396335
GCAAGAAAGAAACCC_1,GCAAGAAAGAAACCC,,,0,26,7,1,0,-3.649162544900075,-4.225763280919641,-4.737455049089966,-6.0
GCTAATTTCAAGAAT_1,GCTAATTTCAAGAAT,-0.0514580097793664,0.0053627289371763935,3,981,607,131,45,-2.072466885490944,-2.28767262985864,-2.620183753434201,-2.9841370981421775
GCTGCGGAGCCTCAG_1,GCTGCGGAGCCTCAG,,,0,6,0,0,0,-4.285984642487249,-6.0,-6.0,-6.0
GCTGCTTATGAGGAT_1,GCTGCTTATGAGGAT,,,0,1,0,0,0,-5.064135892870893,-6.0,-6.0,-6.0
GTCACCGGCACTAAC_1,GTCACCGGCACTAAC,0.042191596904868976,0.02198842970574575,3,1409,2341,787,1073,-1.9152248997615362,-1.7014599072372736,-1.8414803167309008,-1.60674988995157
GTCACCGGCACTAAC_2,GTCACCGGCACTAAC,0.04711267942365637,0.0073366424299582764,3,12837,19754,9941,11331,-0.9556723516672975,-0.7752062715013119,-0.7400249752924942,-0.5830813723703335
GTTAAATCAACAGTT_1,GTTAAATCAACAGTT,-0.07274317388065621,0.010123883714327809,3,2766,1128,260,67,-1.622283717097601,-2.0185522212865745,-2.3224817011191474,-2.8112748092166946
GTTGGGCGCTTAAAG_1,GTTGGGCGCTTAAAG,,,0,1,0,0,0,-5.064135892870893,-6.0,-6.0,-6.0
GTTGGGCGCTTAAAG_2,GTTGGGCGCTTAAAG,-0.01647421671919105,0.007758805071608202,3,519,401,108,68,-2.348968535022435,-2.4677169483137154,-2.7040312936030158,-2.804840699211285
GTTGGGCGCTTAAAG_3,GTTGGGCGCTTAAAG,0.00011265643167490737,0.003182933761469823,3,1058,1007,391,228,-2.0396502251717257,-2.06783185038028,-2.1452782916940984,-2.279414764917067
TATGCCCTTCTTCTG_1,TATGCCCTTCTTCTG,0.024660758827520515,0.008536277308720884,3,1382,1440,850,622,-1.923627849832713,-1.9124988288386482,-1.8080361233756728,-1.8435592272267023
TATGCCCTTCTTCTG_2,TATGCCCTTCTTCTG,0.003701777359130176,0.013034594832133263,3,525,535,153,126,-2.3439765894649356,-2.3425075389126695,-2.5527636182723668,-2.536979066799958
TATGCCCTTCTTCTG_3,TATGCCCTTCTTCTG,,,0,0,1,0,0,-6.0,-5.070861320933898,-6.0,-6.0
TCAAAACGGAGTGTT_1,TCAAAACGGAGTGTT,0.010541785246070624,0.008207562074926443,3,1612,1469,747,475,-1.856770855401821,-1.9038395251436413,-1.8641344472745667,-1.9606560022926545
TCAAAACGGAGTGTT_2,TCAAAACGGAGTGTT,-0.01164485020506989,0.005609816135084385,3,449,366,137,68,-2.4118895518675694,-2.507380235539487,-2.6007344819335585,-2.804840699211285
TCAAAGCATGAAAAA_1,TCAAAGCATGAAAAA,,,0,1,0,0,0,-5.064135892870893,-6.0,-6.0,-6.0
TCAAATGATGAGGAT_1,TCAAATGATGAGGAT,-0.008608922217890462,0.0037534408031281866,3,2357,2066,742,391,-1.691776310346569,-1.755731003750296,-1.8670511438109385,-2.0451728545216543
TCAGAGCATTGGCCT_1,TCAGAGCATTGGCCT,0.02813764132922969,0.00881862114486198,3,13440,18088,7228,6714,-0.9357366241530862,-0.8134707715965945,-0.8784369052010712,-0.8103682750055274
TCGATAGAATTTACT_1,TCGATAGAATTTACT,0.0040533517015856136,0.002060996394541131,3,1006,970,391,244,-2.061537912150984,-2.0840895866676528,-2.1452782916940984,-2.249959785578792
TCTTGGAGGTGAATG_1,TCTTGGAGGTGAATG,0.006195122297866985,0.006293713489103263,3,1736,1914,664,449,-1.8245861720304195,-1.788919387493073,-1.915286969721948,-1.9851032709141978
TCTTGGAGGTGAATG_2,TCTTGGAGGTGAATG,0.00150048429857866,0.0022402750586699004,3,3187,3087,1117,716,-1.5607538293971601,-1.5813246914518024,-1.6894018759743563,-1.7824365896096654
TTAATTAGAGGTATG_1,TTAATTAGAGGTATG,,,0,0,1,0,0,-6.0,-5.070861320933898,-6.0,-6.0
TTAGTCTTTCCATCA_1,TTAGTCTTTCCATCA,0.009086152582171152,0.01101933177082742,3,4474,4062,2173,1262,-1.4134399131102817,-1.4621214018651099,-1.400395322769441,-1.5362902570094055
TTATATTTATTTGCT_1,TTATATTTATTTGCT,,,0,0,1,0,0,-6.0,-5.070861320933898,-6.0,-6.0
TTTAACTCACCGTAA_1,TTTAACTCACCGTAA,-0.037392398212270965,0.0180319235026502,3,629,356,140,44,-2.265485247425624,-2.5194113229610227,-2.5913270134117274,-2.9938969354313336
TTTAACTCACCGTAA_2,TTTAACTCACCGTAA,-0.03442780633187305,0.002059150947856369,3,497,307,85,38,-2.3677795041375607,-2.5837229454567114,-2.8080361233756728,-3.057566015300711
TTTAACTCACCGTAA_3,TTTAACTCACCGTAA,-0.026694587898408128,0.031333486856596184,2,125,56,25,7,-2.9672258798628364,-3.3226732939276973,-3.3395150404179277,-3.792251571903264
TTTATAAATCAATAG_1,TTTATAAATCAATAG,0.024307597591498302,0.005166065167781202,3,1884,2076,1124,839,-1.7890549944140341,-1.7536339717574776,-1.686688737856923,-1.7135876510888208
TTTATAAATCAATAG_2,TTTATAAATCAATAG,0.013627504520557906,0.0014726201614653806,3,2379,2441,1028,769,-1.6877414508336264,-1.6832935415167092,-1.7254619344307085,-1.75142327211609
TTTATAAATCAATAG_3,TTTATAAATCAATAG,,,0,0,0,1,0,-6.0,-6.0,-4.737455049089966,-6.0
TTTATAAATCAATAG_4,TTTATAAATCAATAG,0.009905462163490893,0.008277149875779358,3,761,774,267,220,-2.18275123610032,-2.1821203602510053,-2.31094378772539,-2.294926931095315
TTTATAAATCAATAG_5,TTTATAAATCAATAG,0.024935108434654032,0.007279890549700744,3,4826,5025,2876,2190,-1.3805485752981257,-1.3697252548413714,-1.2786661673791204,-1.2969054970774028
TTTTGCATTTAGGCG_1,TTTTGCATTTAGGCG,0.02374569909083586,0.01362945133586684,3,5031,4934,3270,2203,-1.3624815755451445,-1.3776621757801806,-1.2229072964296794,-1.2943351147667534
TTTTGCATTTAGGCG_2,TTTTGCATTTAGGCG,0.01343965811916889,0.004948860986510377,3,1064,1002,478,342,-2.037194264911863,-2.069993599402671,-2.0580271524778464,-2.103323505861386
